X,Y,OBJECTID,Naziv_stajališta,Linije,Opis,Napomena
15.962046001,45.8075959990001,1,Adžijina - istok,2,smjer Črnomerc,
15.9615850000001,45.8077899990001,2,Adžijina - zapad,2,smjer Savska cesta,
16.0696580000001,45.8285569990001,3,Aleja javora - jug,"4,7,11,34",smjer Dubec,
16.067935,45.8288679990001,4,Aleja javora - sjever,"4,7,11,34",smjer Kvaternikov trg,
15.952866,45.778084999,5,Arena Zagreb - istok ,"7,14,31",smjer Savski most,
15.952778,45.777930999,6,Arena Zagreb - zapad,"7,14,31",smjer Zapruđe,
15.993662999,45.8043019990001,7,Autobusni kol. - istok,"2,5,6,7,8,31",smjer Ulica kneza Branimira\Kvaternikov trg,
15.9939010000001,45.8036959990001,8,Autobusni kol. - zapad,"2,5,6,7,8,31",smjer iz grada,
15.9593160000001,45.8016769990001,9,Badalićeva - jug,"3,9,12,34",smjer Savska cesta,
15.9596470000001,45.8019839990001,10,Badalićeva - sjever,"3,9,12,34",smjer Ljubljanica,
15.9798650000001,45.822280999,11,Belostenčeva - istok,"8,14,33",smjer Mihaljevac,
15.9798250010001,45.8226279990001,12,Belostenčeva - zapad,"8,14,33",smjer Draškovićeva ulica,
16.0184100000001,45.814178999,13,Borongaj izlaz - jug,"1,9,17,32",terminal Borongaj izlaz,
16.018836,45.8145509990001,14,Borongaj ulaz - sjever,"1,9,17,32",terminal Borongaj ulaz,
16.0042950000001,45.788804999,15,Borovje - istok,"6,7,8,31",smjer Vukovarska ulica,
16.004202999,45.788551999,16,Borovje - zapad,"6,7,8,31",smjer Novi Zagreb,
15.974188,45.8056739990001,17,Botanički vrt - sjever,"2,4,9,33",Smjer Savska cesta,
15.973644,45.8055719990001,18,Botanički vrt - jug,"2,4,9,33",smjer Glavni kolodvor\Draškovićeva ulica,
15.9919770000001,45.8061249990001,19,Branim. tržnica - jug ,"2,6,8,31",smjer Autobusni kolodvor,
15.9914669990001,45.806120999,20,Branim. tržnica - sjever,"2,6,8,31",smjer Glavni kolodvor,
15.983735,45.805489999,21,Branimirova - jug,"2,4,6,9,13,31,33,34",smjer Autobusni kolodvor \Draškovićeva ulica,
15.984476,45.805602999,22,Branimirova - sjever,"2,6,8,31",smjer Glavni kolodvor\Draškovićeva ulica,
15.963038999,45.8122769990001,23,Britanski trg - jug,"1,6,11,31",smjer Trg bana J. Jelačića,
15.9648330000001,45.8126109990001,24,Britanski trg - sjever,"1,6,11,31",smjer Črnomerc,
16.0139310000001,45.818970999,25,Park Maksimir - jug,"4,5,7,11,12,34",smjer Dubrava,
16.012261,45.8187179990001,26,Park Maksimir - sjever,"4,5,7,11,12,34",smjer Kvaternikov trg,
16.0310660000001,45.8008379990001,27,Čavićeva - sjever,"2,3,13,33",smjer Av. Marina Držića,
16.030477999,45.801049999,28,Čavićeva - jug,"2,3,13,33",smjer Savišće,
15.9339610010001,45.8154089990001,29,Črnomerec izlaz - sjever,"2,6,11,31", terminal Črnomerec,
15.9345260000001,45.8150429990001,30,"Črnomerec ulaz 6,11 - jug ","6,11,31","terminal Črnomerec, ulaz linija 6,11",
15.9345260000001,45.8151069990001,31,Črnomerec ulaz 2 - jug ,2,"terminal Črnomerec, ulaz linija 2",
16.0637790000001,45.8286699990001,32,Čulinečka - jug,"4,7,11,34",smjer Dubec,
16.062186001,45.829014999,33,Čulinečka - sjever,"4,7,11,34",smjer Kvaternikov trg,
16.056632,45.829572999,34,Dankovečka - jug,"4,7,11,34",smjer Dubec,
16.054583,45.829467999,35,Dankovečka - sjever,"4,7,11,34",smjer Kvaternikov trg,
16.014620999,45.8029709990001,36,Donje Svetice - jug,"2,3,13,33",smjer Žitnjak,
16.015292001,45.8031589990001,37,Donje Svetice - sjever,"2,3,13,33",smjer Av. Marina Držića,
15.9833590000001,45.8129109990001,38,Draškovićeva - zapad,"4,8,11,12,14,33,34",smjer Trg bana J. Jelačića \Ulica kneza Branimira,
15.983511,45.813301999,39,Draškovićeva - istok,"4,8,11,12,14,33,34",smjer Dubrava\Mihaljevac,
15.995035,45.8019239990001,40,Držićeva - istok,"2,5,6,7,8,31",smjer Ulica kneza Branimira\Kvaternikov trg,
15.9962380000001,45.8010919990001,41,Držićeva - jug,"2,3,13,33",smjer Žitnjak,
15.9958580000001,45.800400999,42,Držićeva - zapad,"6,7,8,31",smjer Novi Zagreb,
15.9943940000001,45.801070999,43,Držićeva - sjever,"3,5,13,33",smjer Savska cesta,
16.0778240010001,45.827908999,44,Dubec ulaz -  sjever,"4,7,11,34","terminal Dubec, izlaz\ulaz",
16.077794,45.827844999,45,Dubec ulaz - jug,"4,7,11,34","terminal  Dubec , izlaz\ulaz",
16.0399100000001,45.824778999,46,Dubrava - jug,"4,7,11,34",smjer Dubec,
16.037358,45.824356999,47,"Dubrava 4,7,11,34 - sjever","4,7,11,34",smjer Kvaternikov trg,
16.037221,45.824423999,48,Dubrava 5 - sjever ,5,"terminal Dubrava, izlaz\ulaz",
16.0372160000001,45.824489999,49,Dubrava 12 - sjever ,12,"terminal Dubrava, izlaz\ulaz",
16.037406,45.797156999,50,Elka - istok,"2,3,33",smjer Av. Marina Držića,
16.037523999,45.7968719990001,51,Elka - zapad,"2,3,33",smjer Savišće,
16.0232490000001,45.804314999,52,Ferenščica - jug,"2,3,13,33",smjer Savišće,
16.023633999,45.804342999,53,Ferenščica - sjever,"2,3,13,33",smjer Av. Marina Držića,
16.002508999,45.7919669990001,54,Folnegovićevo - istok,"6,7,8,31",smjer u grad,
16.002216,45.792230999,55,Folnegovićevo - zapad,"6,7,8,31",smjer Novi Zagreb,
15.969619,45.8125029990001,56,Frankopanska - istok,"12,13,14,17,32,34",smjer  Trg  bana Josipa Jelačića,
15.969406,45.813251999,57,Frankopanska - jug,"1,6,11,31",smjer  Trg bana Josipa Jelačića,
15.96862,45.8133069990001,58,Frankopanska - sjever,"1,6,11,31",smjer Črnomerec,
15.9694270000001,45.812378999,59,Frankopanska - zapad,"12,13,14,17,32,34",smjer iz grada,
16.026775,45.8029319990001,60,Getaldićeva - jug,"2,3,13,33",smjer Žitnjak,
16.0273500000001,45.8027319990001,61,Getaldićeva - sjever,"2,3,13,33",smjer Av. Marina Držića,
15.9791010000001,45.8052339990001,62,Glavni kolodvor - jug,"2,4,6,9,13,31,33,34",smjer Av. Marina Držića,
15.9784970000001,45.8052769990001,63,Glavni kolodvor - sjever,"2,4,6,9,13,31,33,34",smjer Trg b. J. Jelačića\Savska cesta,
15.973311,45.8541029990001,64,Grač. Mihaljevac - istok,"15,33",smjer Gračansko Dolje,
15.973213,45.8540169990001,65,Grač. Mihaljevac - zapad,"15,33",smjer Mihaljevac,
15.9741720000001,45.8583229990001,66,Gračani - istok,"15,33",smjer Gračansko Dolje,
15.9739290000001,45.8582289990001,67,Gračani - zapad,"15,33",smjer Mihaljevac,
15.9756050010001,45.8487009990001,68,Gračanske stube - istok,"15,33",smjer Gračansko Dolje,
15.9754340000001,45.8487879990001,69,Gračanske stube - zapad,"15,33",smjer Mihaljevac,
15.981642,45.8606419990001,70,Gračansko Dolje izlaz - jug,"15,33",okretište Gračansko Dolje,
15.9810840000001,45.860327999,71,Gračansko Dolje ulaz - sjever,"15, 33",smjer Mihaljevac,
16.0524550000001,45.828785999,72,Grižanska - jug,"4,7,11,34",smjer Dubec,
16.0519570000001,45.8287999990001,73,Grižanska - sjever,"4,7,11,34",smjer Kvaternikov trg,
15.979475,45.8200029990001,74,Grškovićeva - istok,"8,14,33",smjer Mihaljevac,
15.979341999,45.8198439990001,75,Grškovićeva - zapad,"8,14,33",smjer Draškovićeva ulica,
15.9795530000001,45.8279659990001,76,Gupčeva zvijezda - istok,"8,14,33",smjer Mihaljevac,
15.979536001,45.8276749990001,77,Gupčeva zvijezda - zapad,"8,14,33",smjer Draškovićeva ulica,
16.0080110000001,45.8146859990001,78,Harambašićeva - jug,"1,9,17,32",smjer Borongaj,
16.008631999,45.8150449990001,79,Harambašićeva - sjever,"1,9,17,32",smjer Trg žrtava fašizma,
16.010438,45.8022809990001,80,Heinzelova - jug,"2,3,13,33",smjer Žitnjak,
16.0013059990001,45.8120499990001,81,Heinzelova - jug,"1,9,17,32",smjer Borongaj,
16.0113620010001,45.802511999,82,Heinzelova - sjever,"2,3,13,33",smjer Av. Marina Držića,
15.9993880000001,45.811570999,83,Heinzelova - sjever,"1,9,17,32",smjer Trg žrtava fašizma,
16.022658,45.8209929990001,84,Hondlova - jug,"4,5,7,11,12,34",smjer Dubrava\Dubec,
16.022101999,45.8210129990001,85,Hondlova - sjever,"4,5,7,11,12,34",smjer Kvaternikov trg,
15.9422200000001,45.7881609990001,86,Horvati - jug,"5,17,32",smjer Savska cesta,
15.940185,45.7882329990001,87,Horvati - sjever,"5,17,32",smjer Prečko,
16.0198599990001,45.8038499990001,88,Ivanićgradska - jug,"2,3,13,33",smjer Žitnjak,
16.0206630000001,45.8040539990001,89,Ivanićgradska - sjever,"2,3,13,33",smjer Av.Marina Držića,
15.9574630000001,45.809067999,90,Jagićeva - sjever,2,smjer Črnomerec,
15.9775270010001,45.8364829990001,91,Jandrićeva - istok,"8,14,33",smjer Mihaljevac,
15.977333,45.8368599990001,92,Jandrićeva - zapad,"8,14,33", smjer Draškovićeva,
15.9205640000001,45.7895759990001,93,Jarun - jug,"5,17,32",smjer Savska cesta,
15.920061,45.789908999,94,Jarun - sjever,"5,17,32",smjer Prečko,
16.0080530010001,45.817578999,95,Jordanovac - jug,"4,5,7,11,12,34",smjer Dubrava\Dubec,Linije 5 i 12 prometuju do okretišta Dubrava
16.0076100000001,45.8176319990001,96,Jordanovac - sjever,"4,5,7,11,12,34", smjer Kvaternikov trg,
15.965717,45.8053139990001,97,Jukićeva - sjever,,smjer Zapadni kolodvor,"Stajalište se koristi kod izlaza na trasu za linije 1,2,11 i 31"
15.9658440000001,45.8051439990001,98,Jukićeva - jug,,smjer Savska,"Stajalište se koristi kod povratka u spremište za linije 1, 2,11 i 31"
16.048630001,45.8275439990001,99,Kapucinska - jug ,"4,7,11,34",smjer Dubec,
16.048231,45.8275819990001,100,Kapucinska - sjever,"4,7,11,34",smjer Kvaternikov trg,
15.9837390010001,45.8104519990001,101,Klinika za traumatologiju - istok,"4,8,33,34",smjer Dubrava\Mihaljevac,"Linije 4 i 34 smjer Dubec, linije 8 i 33 smjer Mihaljevac"
15.9835879990001,45.810075999,102,Klinika za traumatologiju - zapad,"4,8,33,34",smjer Glavni kolodvor\Autobusni kolodvor,"Linije 4, 34 i 33 smjer Glavni kolodvor, linija 8 smjer Zapruđe"
15.9453520000001,45.7881389990001,103,Knežija - jug,"5,17,32",smjer Savska cesta,
15.944696,45.7882329990001,104,Knežija - sjever,"5,17,32",smjer Prečko,
15.9849150000001,45.8005279990001,105,Kruge - jug,"3,5,13,33",smjer Av. Marina Držića,
15.9854749990001,45.8006169990001,106,Kruge - sjever,"3,5,13,33",smjer Savska cesta,
15.9976419990001,45.815329999,107,Kvaternikov trg - sjever,"4,5,7,11,12,34",smjer Trg Josipa Jelačića/Autobusni kolodvor,Linije 5 i 7 prometuju prema Autobusnom kolodvoru
15.9973550010001,45.8148849990001,108,Kvaternikov trg ulaz/izlaz - istok,13,smjer Trg bana Josipa Jelačića,
15.99699,45.814917999,109,Kvaternikov trg - jug,"4,11,12,34",smjer Dubrava\Dubec,"Linija 12 prometuje do okretišta Dubrava, linije 4, 11 i 34 smjer Dubec"
15.9801550010001,45.8002709990001,110,Lisinski - jug,"3,5,13,33",smjer Av. Marina Držića,
15.977874,45.800237999,111,Lisinski - sjever,"3,5,13,33",smjer Savska cesta,
16.04526,45.8263749990001,112,Ljubijska - jug,"4,7,11,34",smjer Dubec,
16.043803,45.826024999,113,Ljubijska - sjever,"4,7,11,34",smjer Kvaternikov trg,
15.937553,45.7972589990001,114,Ljubljanica izlaz - sjever,"3,9,12,34",terminal Ljubljanica,
15.9385260010001,45.797220999,115,Ljubljanica ulaz - jug,"3,9,12,34",terminal Ljubljanica,
15.948365,45.8123849990001,116,Mandaličina - jug,"2,6,11,31",smjer Trg bana Josipa Jelačića\Glavni kolodvor,Linija 2 smjer Glavni kolodvor
15.9489840000001,45.8125059990001,117,Mandaličina - sjever,"2,6,11,31",smjer Črnomerec,
16.0362650010001,45.8232649990001,118,Mandlova - zapad,,posljednje stajalište na trasi prije odlaska u spremište,"Stajalište se koristi za povratak u  spremište za linije  4,6,7,11,12,14 ,31 i 33"
15.9023320000001,45.793010999,119,Marijane Radev - jug,"5,17,32",smjer Savska cesta,
15.901912,45.793235999,120,Marijane Radev - sjever,"5,17,32",smjer Prečko,
16.0033930000001,45.8165059990001,121,Mašićeva - jug,"4,5,7,11,12,34",smjer Dubrava\Dubec,"Linije 5 i 12 prometuju do okretišta Dubrava, linije 4,7,11,34 smjer Dubec"
16.002911999,45.8165539990001,122,Mašićeva - sjever,"4,5,7,11,12,34",smjer Kvaternikov trg,
15.97477,45.8417959990001,123,Mihaljevac izlaz - istok,"8,14,33",terminal Mihaljevac,
15.9747320010001,45.8415879990001,124,Mihaljevac ulaz - zapad,"8,14,33",smjer Draškovićeva ulica,
15.975103,45.842383999,125,Mihaljevac ulaz 15 - jug ,"15,33",smjer Gračansko Dolje,
15.9743480000001,45.8420839990001,126,Mihaljevac izlaz 15 - zapad ,"15,33",terminal  Mihaljevac,Prolazno stajalište za liniju 33
15.975486,45.800033999,127,Miramarska - jug,"3,5,13,33",smjer Av. Marina Držića,
15.973706,45.8000219990001,128,Miramarska - sjever,"3,5,13,33",smjer Savska cesta,
16.0014830000001,45.7823369990001,129,Most mladosti - istok,"6,7,8,31",smjer Av. Marina Držića,
16.001273,45.7819509990001,130,Most mladosti - zapad,"6,7,8,31",smjer Novi Zagreb,
16.038197,45.792589999,131,Munja - istok,"2,3,33",smjer Av. Marina Držića,
16.0384750000001,45.793169999,132,Munja - zapad,"2,3,33",smjer Savišće,
15.979589001,45.777478999,133,Muzej suv.umjetnosti - jug,"7,14,31",smjer Zapruđe,
15.980942,45.7776049990001,134,Muzej suv.umjetnosti - sjever,"7,14,31",smjer Savski most,
15.9484180000001,45.798757999,135,Nehajska - jug,"3,9,12,34",smjer Savska cesta,
15.947027,45.798441999,136,Nehajska - sjever,"3,9,12,34",smjer Ljubljanica,
15.999764,45.801276999,137,Olibska - jug,"2,3,13,33",smjer Žitnjak,
16.0000390000001,45.8013559990001,138,Olibska - sjever,"2,3,13,33",smjer Av. Marina Držića,
15.9911690000001,45.813956999,139,Petrova - sjever,"4,11,12,34",smjer Draškovićeva ulica,
15.9915800000001,45.8138299990001,140,Petrova - jug,"4,11,12,34",smjer Dubrava\Dubec,"Linija 12 prometuju do okretišta Dubrava, linije 4,11,34 smjer Dubec"
15.9069690000001,45.792385999,141,Petrovaradinska - jug,"5,17,32",smjer Savska cesta,
15.9052760000001,45.792632999,142,Petrovaradinska - sjever,"5,17,32",smjer Prečko,
16.072842,45.8281759990001,143,Poljanice IV - jug,"4,7,11,34",smjer Dubec ,
16.0726550000001,45.8283549990001,144,Poljanice IV - sjever,"4,7,11,34",smjer Kvaternikov trg,
15.892596,45.7942699990001,145,Prečko izlaz - sjever,"5,17,32",terminal  Prečko ,
15.8934790000001,45.794363999,146,Prečko ulaz - jug,"5,17,32",smjer Savska cesta,
15.9569970000001,45.791569999,147,Prisavlje - istok,"4,5,14,17,32",smjer prema gradu,
15.9560090000001,45.7904159990001,148,Prisavlje - zapad,"4,5,14,17,32",smjer Savski most\Prečko,"Linije 4,14 smjer okretište Savski most, linije 5,17 i 32  smjer Prečko"
15.9780700000001,45.8317539990001,149,Radićevo šetalište - istok,"8,14,33",smjer Mihaljevac,
15.977962,45.831981999,150,Radićevo šetalište - zapad,"8,14,33",smjer Draškovićeva ulica,
16.0038650000001,45.801480999,151,Radnička - jug,"2,3,13,33",smjer Žitnjak,
16.0046830000001,45.801593999,152,Radnička - sjever,"2,3,13,33",smjer Av. Marina Držića,
16.027505999,45.822059999,153,Ravnice - jug,"4,5,7,11,12,34",smjer Dubrava\Dubec,"Linije 5 i 12 prometuju do okretišta Dubrava, linije 4,7,11,34 smjer Dubec"
16.028334,45.822373999,154,Ravnice - sjever,"4,5,7,11,12,34",smjer Kvaternikov trg,
15.914718001,45.7916069990001,155,Vrbani - jug,"5,17,32",smjer Savska cesta,
15.912919,45.791867999,156,Vrbani - sjever,"5,17,32",smjer Prečko,
16.0344690000001,45.7890819990001,157,Savišće izlaz - zapad,"2,3,33",terminal Savišće,
16.034923,45.7893989990001,158,Savišće ulaz - istok,"2,3,33",smjer Av.Marina.Držića,
15.9567850010001,45.777078999,159,Savski gaj - jug,"7,14,31",smjer Zapruđe,
15.95633,45.7771799990001,160,Savski gaj - sjever,"7,14,31",smjer Savski most,
15.9524459990001,45.7851009990001,161,Savski most izlaz - zapad,"4,7,31",terminal  Savski most,
15.953386,45.7862259990001,162,Savski most ulaz 4 - istok ,4,"terminal Savski most, smjer Glavni kolodvor",
15.953176,45.7860019990001,163,Savski most ulaz 7 - istok ,"7,31","terminal Savski most, smjer Novi Zagreb",
15.9441390000001,45.7977979990001,164,Selska - jug ,"3,9,12,34",smjer Savska cesta,
15.9423550000001,45.797698999,165,Selska - sjever,"3,9,12,34",smjer Ljubljanica,
15.9839020000001,45.8083569990001,166,Sheraton - istok,"4,8,33,34",smjer Trg hrvatskih velikana,
15.9846160000001,45.8080819990001,167,Sheraton - jug,"9,13",smjer Borongaj,
15.983844,45.8069849990001,168,Sheraton - zapad,"4,8,9,13,33,34",smjer Glavni kolodvor\Autobusni kolodvor,"Linije 4,9,13 smjer Glavni kolodvor, linija 8,33 i 34 smjer Autobusni kolodvor"
15.898938,45.794163999,169,Slavenskog - jug,"5,17,32",smjer Savska cesta,
15.8984810000001,45.794390999,170,Slavenskog - sjever,"5,17,32",smjer Prečko,
15.998590001,45.7969009990001,171,Slavonska  - zapad,"6,7,8,31",smjer Zapruđe,
15.998908,45.7966019990001,172,Slavonska - istok,"6,7,8,31",smjer Autobusni kolodvor,
15.951808,45.8124149990001,173,Slovenska - jug,"2,6,11,31",smjer Trg bana J. Jelačića\Glavni kolodvor,"Linija 2 smjer Glavni kolodvor, linije 6,11 i 31 smjer Trg bana J. Jelačića"
15.9525600000001,45.8125419990001,174,Slovenska - sjever,"2,6,11,31",smjer Črnomerec,
15.984611,45.7776919990001,175,Sopot  - sjever,"6,7,14,31",smjer Savski most,"linija 14,7 smjer Savski most, posljednje stajalište na liniji 6"
15.9868050000001,45.7776719990001,176,Sopot - jug,"6,7,14,31",smjer Zapruđe,
15.9915950000001,45.777795999,177,Središće - jug,"6,7,14,31",smjer Zapruđe,
15.989319999,45.7778119990001,178,Središće - sjever,"6,7,14,31",smjer Savski most,Linija 6 prometuje do Sopota
15.936812,45.7881139990001,179,Srednjaci - jug,"5,17,32",smjer Savska cesta,
15.937464,45.788217999,180,Srednjaci - sjever,"5,17,32",smjer Prečko,
15.9517740000001,45.786259999,181,St. dom S. Radić  -istok,"7,14,31",smjer Savski most,
15.950969,45.786375999,182,St. dom S. Radić - jug,"5,17,32",smjer Savska cesta,
15.9524270000001,45.786774999,183,St. dom S. Radić - sjever,"5,17,14,31,32",smjer Prečko\Zapruđe,"Linije 5,17 i 32 smjer Prečko, linija 14 i 31 smjer Zapruđe"
15.9294550000001,45.7878979990001,184,Staglišće -jug,"5,17,32",smjer Savska cesta,
15.9300890000001,45.7878249990001,185,Staglišće - sjever,"5,17,32",smjer Prečko,
15.9889380000001,45.8007289990001,186,Strojarska - jug,"3,5,13,33",smjer Av. Marina Držića,
15.989557,45.800822999,187,Strojarska - sjever,"3,5,13,33",smjer Savska cesta,
15.964723,45.8029079990001,188,Studentski centar - istok,"3,4,13,14,17,32,33",smjer prema gradu,
15.964259,45.802517999,189,Studentski centar - zapad,"3,4,13,14,17,32,33",smjer iz grada,
15.993654,45.810759999,190,Šubićeva - istok,"5,7,13",smjer Kvaternikov trg,
15.9942879990001,45.8104469990001,191,Šubićeva - jug,"1,9,17,32",smjer Borongaj,
15.992281,45.8102669990001,192,Šubićeva - sjever,"1,9,13,17,32",smjer Trg žrtava fašizma,
15.9928679990001,45.809875999,193,Šubićeva - zapad,"5,7",smjer Autobusni kolodvor,
16.004512,45.8131969990001,194,Šulekova - jug,"1,9,17,32",smjer Borongaj,
16.00474,45.8133549990001,195,Šulekova - sjever,"1,9,17,32",smjer Trg žrtava fašizma,
15.9430090000001,45.8132189990001,196,Sveti Duh - jug,"2,6,11,31",smjer Trg bana J. Jelačića\Glavni kolodvor,"Linija 2 smjer Glavni kolodvor, linije 6,11 i 31 smjer Trg bana J. Jelačića"
15.9426330000001,45.813412999,197,Sveti Duh - sjever,"2,6,11,31",smjer Črnomerec,
16.0134190000001,45.815389999,198,Svetice  - sjever,"1,9,17,32",smjer Trg žrtava fašizma,
16.0127420000001,45.815388999,199,Svetice - jug,"1,9,17,32",smjer Borongaj,
15.9710650000001,45.799814999,200,Sveučilišna al. - jug,"3,5,13,33",smjer Av. Marina Držića,
15.9694280000001,45.799809999,201,Sveučilišna al. - sjever,"3,5,13,33",smjer Savska cesta,
15.957009,45.8096859990001,202,Talovčeva - zapad,"1,2",smjer Zapadni kolodvor/Glavni kolodvor,
15.9643700010001,45.8032449990001,203,Tehnički muzej - jug,"3,9,12,34",smjer Savska cesta,
15.963558,45.803442999,204,Tehnički muzej - sjever,"3,9,12,34",smjer Ljubljanica,
15.954920364,45.8000222220001,205,Trešnjevački trg - jug,"3,9,12,34",smjer Savska cesta,
15.9544500000001,45.800105999,206,Trešnjevački trg - sjever,"3,9,12,34",smjer Ljubljanica,
15.956845,45.813120999,207,Trg dr. F. Tuđmana - jug,"2,6,11,31",smjer Trg bana J. Jelačića\Glavni kolodvor,"Linija 2 smjer Glavni kolodvor, linije 6,11 i 31 smjer Trg bana J. Jelačića"
15.958083,45.813191999,208,Trg dr. F. Tuđmana - sjever,"1,6,11,31",smjer Črnomerec\Zapadni kolodvor,"Linija 1 smjer Zapadni kolodvor, linije 6,11 i 31 smjer Črnomerec"
15.957455,45.8127909990001,209,Trg dr. F. Tuđmana - istok,"1,2",smjer Črnomerec\Trg bana J. Jelačića,"Linija 2 smjer Črnomerec, linija 1 smjer Trg bana Josipa Jelačića"
15.9846630000001,45.8113719990001,210,Trg hr. velikana - jug,"1,17,32",smjer Borongaj,
15.9843940000001,45.811749999,211,Trg hr. velikana - sjever,"1,17,32",smjer Trg bana J. Jelačića,
15.9772280010001,45.8128569990001,212,Trg bana J. Jelačića - jug,"1,6,11,12,13,14,17,31,32,34",smjer Draškovićeva ulica,
15.976505,45.8130649990001,213,Trg bana J. Jelačića - sjever,"1,6,11,12,13,14,17,31,32,34",smjer Frankopanska,
15.991697,45.8081099990001,214,Trg P. Krešimira IV - istok,"5,7",smjer Kvaternikov trg,
15.9916289990001,45.807848999,215,Trg P. Krešimira IV - zapad,"5,7",smjer Autobusni kolodvor,
15.9686980000001,45.8087429990001,216,Trg Republike Hrvatske  - istok,"12,13,14,17,32,34",smjer Trg bana J. Jelačića,
15.968821001,45.8092859990001,217,Trg Republike Hrvatske - zapad,"12,13,14,17,32,34",smjer iz grada,
15.987651,45.8094159990001,218,Trg žrt. fašizma - jug,"1,9,13,17,32",smjer Šubićeva ulica,
15.988434,45.8100439990001,219,Trg žrt. fašizma - sjever,"1,9,13,17,32",smjer Trg bana J. Jelačića\Glavni kolodvor,"Linije 1,17 i 32 smjer Trg bana J. Jelačića, linije 9 i 13 smjer Glavni kolodvor"
15.965241,45.7770899990001,220,Trnsko - jug,"7,14,31",smjer Zapruđe,
15.964701,45.7771579990001,221,Trnsko - sjever,"7,14,31",smjer Savski most,
15.996454,45.813953999,222,Tržnica Kvatrić - istok,"5,7,13",smjer Dubrava\Dubec,"Linija 5 prometuje do okretišta Dubrava, linija 7 prometuje do okretišta Dubec, linija 13 do Kvaternikovog trga"
15.9948450000001,45.8122049990001,223,Tržnica Kvatrić - zapad,"5,7,13",smjer Glavni kolodvor\Autobusni kolodvor,"Linija 13 smjer Glavni kolodvor, linija 5 i 7 Autobusni kolodvor"
15.9974730010001,45.811028999,224,Tuškanova - jug,"1,9,17,32",smjer Borongaj,
15.9977640000001,45.811156999,225,Tuškanova - sjever,"1,9,17,32",smjer Trg žrtava fašizma,
15.9609400000001,45.797361999,226,Učit. fakultet - istok,"4,5,14,17,32",smjer prema gradu,
15.960194001,45.7965359990001,227,Učit. fakultet - zapad,"4,5,14,17,32",smjer Savski most\Prečko,"Linija 4 i 14 okretište Savski most, linije 5,17,32 smjer Prečko, "
15.9978860000001,45.7779599990001,228,Utrina - jug,"6,7,14,31",smjer Zapruđe,
15.995789001,45.7779909990001,229,Utrina - sjever,"6,7,14,31",smjer Sopot\Savski most, Linija 6 prometuje do Sopota
15.9714690000001,45.777255999,230,Velesajam - jug,"7,14,31",smjer Zapruđe,
15.970827,45.7773059990001,231,Velesajam - sjever,"7,14,31",smjer Savski most,
15.955163,45.7888839990001,232,Veslačka - istok,"4,5,14,17,32",smjer prema  gradu,
15.954728,45.7885439990001,233,Veslačka - zapad,"4,5,14,17,32",smjer Savski most\ Prečko,"Linija 4 i 14 smjer okretište Savski most, linije 5,17,32 smjer Prečko"
15.95926,45.794904999,234,Vjesnik - istok,"4,5,14,17,32",smjer prema  gradu,
15.958047,45.793396999,235,Vjesnik - zapad,"4,5,14,17,32",smjer Savski most\Prečko,"Linija 4 i 14 smjer okretište Savski most, linije 5,17,32 smjer Prečko"
15.9669830010001,45.8062359990001,236,Vodnikova - istok,"12,13,14,17,32,34",smjer Trg bana J. Jelačića,
15.9670830000001,45.8054759990001,237,Vodnikova - sjever,"2,4,9,33",smjer Savska cesta,
15.9665890000001,45.805959999,238,Vodnikova - zapad,"12,13,14,17,32,34",smjer Savski most\ Ljubljanica,"Linija 12 i 34 smjer Ljubljanica,  linije 13,14,17 smjer iz grada"
15.9676450000001,45.805392999,239,Vodnikova - jug,"2,4,9,33",smjer Glavni kolodvor,
15.9868559990001,45.8138089990001,240,Vončinina - sjever,"4,11,12,34",smjer prema gradu,
15.9867320010001,45.8136769990001,241,Vončinina - jug,"4,11,12,34",smjer Dubrava\Dubec,"Linija 12 prometuje do okretišta Dubrava, linije 4, 11 i 34 smjer Dubec"
15.967546,45.7996439990001,242,Vrbik - jug,"3,5,13,33",smjer Av. Marina Držića,
15.962815001,45.8001189990001,243,Zagrepčanka - istok,"3,4,13,14,17,32,33",smjer prema gradu,
15.963247,45.7994249990001,244,Zagrepčanka - jug,"3,5,13,33",smjer Av. Marina Držića,
15.961686,45.7987419990001,245,Zagrepčanka - zapad,"4,5,14,17,32",smjer Savski most\ Prečko,"Linija 4 i 14 okretište Savski most, linije 5,17,32 smjer Prečko, "
15.954909,45.809491999,246,Zapadni kolodvor izlaz - sjever,1,terminal Zapadni kolodvor,
15.95516,45.8093669990001,247,Zapadni kolodvor ulaz - jug,1,smjer Trg bana J. Jelačića,
16.0016640000001,45.7798359990001,248,Zapruđe - istok,"6,7,31",smjer prema gradu,
16.000930999,45.778044999,249,Zapruđe - jug,"6,7,14,31",smjer prema gradu,Posljednje stajalište na trasi linije 14
16.0003600000001,45.778107999,250,Zapruđe - sjever,"6,7,31",smjer Sopot\Savski most,"Linija 6 prometuje  do okretišta Sopot, linije 7 i 31 smjer Savski most"
16.0016370000001,45.7796759990001,251,Zapruđe ulaz 8 - istok,8,smjer Mihaljevac,
16.0003800000001,45.7781209990001,252,Zapruđe ulaz 14 - sjever,14,smjer Savski most,
16.001779001,45.778983999,253,Zapruđe-  zapad,"6,7,8,31",smjer  Savski most,Posljednje stajalište na trasi linije 8
16.0364760000001,45.7909079990001,254,Zg. transporti - istok,"2,3,33",smjer Av.Marina Držića,
16.0369260000001,45.7914689990001,255,Zg. transporti - zapad,"2,3,33",smjer Žitnjak,
16.034776,45.7988609990001,256,Žitnjak - jug,"2,3,13,33",smjer Savišće,Posljednje stajalište na trasi linije 13
16.034341,45.7991669990001,257,Žitnjak - sjever,"2,3,13,33",smjer Av. Marina Držića,
15.977859999,45.809108999,258,Zrinjevac - istok,"6,13,31,34",smjer Trg bana J. Jelačića,
15.977732001,45.808958999,259,Zrinjevac zapad,"6,13,31,34",smjer Glavni kolodvor,
