X,Y,OBJECTID,naziv,adresa,telefon,fax,email,web,kategorija,upravljac,sportovi,objekt,opremljenost
15.9921622270001,45.774212016,1,Bazenski kompleks Utrina,Kombolova ulica 4A,01 642 1025,,robert.pavicic@sportskiobjekti.hr,www.sportskiobjekti.hr,I. KATEGORIJA,Ustanova Upravljanje sportskim objektima,"plivanje, vaterpolo, ronjenje, sinkro plivanje, skokovi u vodu",Bazen,3 natkrivena bazena
15.943071737,45.782498215,2,Sportski park Mladost,Jarunska ulica 1-5,01 642 1025,01 363 3518,robert.pavicic@sportskiobjekti.hr,www.sportskiobjekti.hr,I. KATEGORIJA,Ustanova Upravljanje sportskim objektima,"atletika, hokej na travi, vaterpolo, plivanje, sinkro plivanje, ronjenje, triatlon, judo, stolni tenis, tenis, odbojka",Sportsko-rekreacijski centar,"stolni tenis 1100 sjedećih mjesta, odbojka 1500 sjedećih mjesta"
15.9514998670001,45.806303083,3,Zimsko plivalište Mladost,Trg Krešimira Ćosića 10,01 642 1025,,robert.pavicic@sportskiobjekti.hr,www.sportskiobjekti.hr,I. KATEGORIJA,Ustanova Upravljanje sportskim objektima,"plivanje, skokovi u vodu, sinkro plivanje, ronjenje, vaterpolo, karate",Bazen,1 natkriveni bazen
15.985267209,45.8152783310001,4,Sportsko-rekreacijski centar Šalata,Stube Josipa Schlossera 2,01 642 1025,01 461 6848,robert.pavicic@sportskiobjekti.hr,www.sportskiobjekti.hr,I. KATEGORIJA,Ustanova Upravljanje sportskim objektima,"plivanje, vaterpolo, skokovi u vodu, sinkro plivanje, tenis, hokej na ledu, sinkro klizanje, taekwondo",Sportsko-rekreacijski centar,"9 otvorenih tenis terena, zimi 8 (balon), 4 otvorena bazena, 1 otvoreno klizalište"
16.183815152,45.8117254410001,5,Bazen Iver,"Ulica Mladena Halape 6, Sesvetski Kraljevec",01 642 1025,,robert.pavicic@sportskiobjekti.hr,www.sportskiobjekti.hr,nije vlasništvo Grada Zagreba,Ustanova Upravljanje sportskim objektima,"vatrepolo, plivanje, sinkro plivanje",Bazen,1 natkriveni bazen
15.97166502,45.782392767,6,Klizalište Velesajam,Avenija Dubrovnik 15/36,01 642 1025,01 655 4357,robert.pavicic@sportskiobjekti.hr,www.sportskiobjekti.hr,nije vlasništvo Grada Zagreba,Ustanova Upravljanje sportskim objektima,"curling,hokej na ledu, hokej na ledu za žene, umjetničko klizanje, brzo klizanje, sinkronizirano klizanje, sport gluhih, školski sport",Klizalište,1 zatvoreno klizalište
15.951833256,45.807641205,7,Dom sportova,Trg Krešimira Ćosića 11,01 642 1025,01 365 0350,robert.pavicic@sportskiobjekti.hr,www.sportskiobjekti.hr,I. KATEGORIJA,Ustanova Upravljanje sportskim objektima,"umjetničko klizanje, sinkronizirano klizanje, hokej na ledu, hokej na sanjkama za osobe sa invaliditetom, rukomet, košarka, futsal (mali nogomet), bridge, šah, mačevanje, streljaštvo, karate, teakwando, dizanje utega",Klizalište,1 zatvoreno klizalište
15.9283375570001,45.8143079440001,8,Kuglana Grmoščica,Ilica 298,099 465 1219,01 370 2982,bradosevic@koncar-inem.hr,,II. KATEGORIJA,"Kuglački sportski klub ""Grmoščica""","kuglanje, boks",Kuglana,kuglana 8 staza
15.93591137,45.805799585,9,Kuglana Klanječka,Klanječka ulica 37,098 316 380,01 383 3383,tajnistvo@kkzagreb.hr,www.kkzagreb.hr,II. KATEGORIJA,"Kuglački klub ""Zagreb""",kuglanje-classic,Kuglana,kuglana 6 staza
15.9621808840001,45.8037743420001,10,Kuglana Kranjčevićeva,Ulica Silvija Strahimira Kranjčevića 2a,01 366 8151,01 366 8151,kuglacki.klub.medvescak@zg.t-com.hr,www.kugklmedvescak.t-com.hr,III. KATEGORIJA,"Kuglački klub ""Medveščak 1958""",kuglanje,Kuglana,kuglana 4 staze
15.966230237,45.8120245100001,13,Dvorana Medulićeva,Medulićeva ulica 8,099 482 2674,,judoklubzagreb@gmail.com,,V. KATEGORIJA,"Judo klub ""Zagreb""",judo,Dvorana,
15.958613402,45.7894125890001,14,Nogometni centar Zagreb,Veslačka ulica 1A,01 366 8111,01 366 8111,nkzagreb@nkzagreb.hr,www.nkzagreb.hr,II. KATEGORIJA,"Nogometni klub ""Zagreb""",nogomet,Nogometno igralište,
15.911002922,45.759401612,15,Nogometno igralište Blato,Karlovačka cesta 195B,098 540 215,01 614 1787,nk.blato.zagreb@gmail.com,www.nk-blato.com,III. KATEGORIJA,Mladen Mikša,nogomet,Nogometno igralište,
15.989808139,45.748782358,16,Nogometno igralište Buzin,"Ulica Mladosti, I. odvojak 3",01 660 7958,01 555 2955,nkmb@nkmb.eu,www.nkmb.eu,III. KATEGORIJA,Nogometni klub Mladost-Buzin,nogomet,Nogometno igralište,
16.044394133,45.8549606600001,17,Nogometno igralište Concordia,Miroševečka cesta,01 298 5541,,nk.concordia@concor1.tcloud.hr,www.concordia.com,III. KATEGORIJA,"Nogometni klub ""Concordia""",nogomet,Nogometno igralište,
15.925858245,45.809422114,18,Nogometno igralište Kustošija,Sokolska ulica 47A,01 389 6670,01 389 6671,nogometni.klub.kustosija@gmail.com,,III. KATEGORIJA,"Nogometni klub ""Kustošija""",nogomet,Nogometno igralište,
16.0131145720001,45.8269053390001,19,Nogometno igralište Maksimir,Oboj 1,,,,,III. KATEGORIJA,,,Nogometno igralište,
15.906673687,45.795028535,20,Nogometno igralište Prečko,Petrovaradinska ulica 4,01 388 7195,01 388 7195,ivan.bulic.nkprecko@gmail.com,,III. KATEGORIJA,Nogometni klub Prečko,nogomet,Nogometno igralište,
15.969963039,45.7550541430001,21,Nogometno igralište Sveta Klara,Mrkšina ulica 67A,01 657 0208,01 657 0208,nogometni.klub.polet@zg.t-com.hr,,III. KATEGORIJA,Nogometni klub „Polet“,nogomet,Nogometno igralište,
15.9840245460001,45.797835509,22,Nogometno igralište Trnje,Trg kardinala Franje Šepera 9,01 615 7834,,nk.trnje@zg.t-com.hr,www.nktrnje.com,III. KATEGORIJA,"Nogometni klub ""Trnje""",nogomet,Nogometno igralište,
16.1643644960001,45.8138295580001,23,Sportsko-rekreacijski centar Sesvetski Kraljevec,Ulica Ive Politea 42,01 204 5979,01 204 5979,nk.sesvetski .kraljevec @zg.t-com.hr,,III. KATEGORIJA,"Nogometni klub ""Sesvetski kraljevec""",nogomet,Sportsko-rekreacijski centar,
15.896172962,45.812963387,24,Sportsko-rekreacijski centar Vrapče,Aleja grada Bolonje 2,01 347 3338,01 345 6666,nogmetni.klub.vrapce@zg.t-com.hr,www.nk-vrapce.hr,III. KATEGORIJA,SRC Vrapče,nogomet,Sportsko-rekreacijski centar,
15.930748325,45.753318231,25,Nogometno igralište Botinec,Lesičine 5,091 5188 634,01 654 6645,nkbotinec@gmail.com,,IV. KATEGORIJA,Nogometni klub Botinec,nogomet,Nogometno igralište,
15.9080135090001,45.7252040770001,26,Nogometno igralište Brezovica,Brezovička cesta 98B,091 9445 066,01 653 7430,nogometni.klub.brezovica@zg.t-com.hr,,IV. KATEGORIJA,"Nogometni klub ""Brezovica""",nogomet,Nogometno igralište,
16.067495772,45.8169520650001,27,Nogometno igralište Čulinec,Ulica Palma 38,091 533 0265,01 286 5196,nkculinec@zg.t-com.hr,www.nkculinec.hr,IV. KATEGORIJA,"Nogometni klub ""Čulinec""",nogomet,Nogometno igralište,
15.943802164,45.665859309,28,Nogometno igralište Dragonožec,"Sitača 5, Donji Dragonožec","01 625 0610, 091 693 0588",01 621 5276,nogometni.klub.mladost@zg.ht.hr,,IV. KATEGORIJA,NK Mladost Donji Dragonožec,nogomet,Nogometno igralište,
16.0185510760001,45.764749867,29,Nogometno igralište Jakuševec,Tišinska ulica 20,091 732 1220,,nksava.jakusevec@gmail.com,,IV. KATEGORIJA,"Nogometni klub ""Sava-Jakuševec""",nogomet,Nogometno igralište,
15.990466482,45.7272933470001,30,Nogometno igralište Odra,Ulica svetog Izidora 16,091 8888 598,01 621 8538,nk.odra@hotmail.com,,IV. KATEGORIJA,Nogometni klub ODRA,nogomet,Nogometno igralište,
16.0145729070001,45.873645577,31,Nogometno igralište Prigorje,Markuševečka cesta 160,01 457 4207,01 457 4207,nk.prigorje@gmail.com,www.nk-prigorje.com,IV. KATEGORIJA,"Nogometni klub ""Prigorje"" - Markuševec",nogomet,Nogometno igralište,
15.9410068610001,45.783319281,32,Nogometno igralište Sava,Gredice 159,098 826 396,01 369 5788,nksava1947@gmail.com,www.nksava.com,IV. KATEGORIJA,"NK ""SAVA""",nogomet,Nogometno igralište,
15.950998973,45.8533503100001,33,Sportsko-rekreacijski centar Šestine,Šestinski trg 10,01 462 1646,,leo.krsticevic@gmail.com,www.mnk-sestine.hr,IV. KATEGORIJA,Malonogometni klub Šestine  ,mali nogomet,Sportsko-rekreacijski centar,
16.0529951620001,45.8141407800001,34,Rekreacijski centar Trnava,Ulica Valunske ploče 24A,01 294 6826,,srdtrnava@srdtrnava.hr,www.srdtrnava.hr,IV. KATEGORIJA,Sportsko rekreacijsko društvo Trnava,nogomet,Sportsko-rekreacijski centar,
15.9387648380001,45.8465716170001,35,Igralište za mali nogomet Bijenik,Bijenik 162,,,,,V. KATEGORIJA,,,Nogometno igralište,
15.9294652560001,45.667801566,36,Igralište Donji Trpuci,Trpučanska cesta ( pored br.28),,,,,V. KATEGORIJA,,,Nogometno igralište,
16.0462077600001,45.8316327430001,37,Nogometno igralište Dubrava,Međugorska ulica 38,,,,,V. KATEGORIJA,,,Nogometno igralište,
16.1241049980001,45.907212416,38,Nogometno igralište Kašina,"Cesta Ivana Mažuranića 43, Kašina",,,nkkasina@gmail.com,,V. KATEGORIJA,"Nogometni klub ""Kašina""",nogomet,Nogometno igralište,
15.833467087,45.815356374,39,Nogometno igralište Podsused,Kupališni put 1,098 477 223,,podsused.nk@gmail.com,www.nk-podsused.hr,V. KATEGORIJA,NK Podsused,nogomet,Nogometno igralište,
16.068728197,45.8230294860001,40,Nogometno igralište Retkovec (NE RADI),Ulica Platana 10A,,,,,V. KATEGORIJA,,,Nogometno igralište,
16.16026742,45.869914717,41,Nogometno igralište Žerjavinec,"Omladinska ulica 4, Žerjavinec",01 204 2030,01 204 2030,nkprigorjezerjavinec@nk-prigorje-zerjavinec.hr,www.nk-prigorje-zerjavinec.hr,V. KATEGORIJA,"Nogometni klub ""Prigorje"" - Žerjevinac",nogomet,Nogometno igralište,
16.0540039790001,45.8384714360001,43,Sportsko-rekreacijski centar Grana-Klaka,Aleja Blaža Jurišića 2,"01 293 2770, 098 278 378",01 293 2770,info@nkdubrava.hr,www.nkdubrava.hr,II. KATEGORIJA,"Nogometni klub ""Dubrava Tim Kabel""","nogomet, tenis, rukomet, košarka, boćanje, odbojka, šah, atletika",Sportsko-rekreacijski centar,"4 otvorena tenis terena, zimi 2 (balon), boćanje 2 staze"
16.015826792,45.804865852,44,Sportsko-rekreacijski centar Peščenica,Donje Svetice 87,,01 230 2500,nk.hask@zg.t-com.hr,www.hask.hr,II. KATEGORIJA,"Nogometni klub ""HAŠK""","nogomet, boćanje",Sportsko-rekreacijski centar,boćanje 2 staze
16.024945159,45.8179505950001,45,Sportsko-rekreacijski centar Maksimirska naselja,Aleja Antuna Augustinčića 8,01 642 1025,01 232 3329,robert.pavicic@sportskiobjekti.hr,www.sportskiobjekti.hr,III. KATEGORIJA,Ustanova Upravljanje sportskim objektima,"tenis, košarka, nogomet, rukomet, boćanje",Sportsko-rekreacijski centar,"6 otvorenih tenis terena, zimi 6 (balon)"
15.935733123,45.704582019,46,Nogometno igralište Odranski Obrež,"Krčevine 7, Odranski Obrež",01 653 8234,01 653 8234,dinamoobrez@gmail.com,www.nk-dinamo-odranski-obrez.hr,IV. KATEGORIJA,Nogometni klub Dinamo Odranski Obrež,nogomet,Nogometno igralište,
15.8800608550001,45.814220022,47,Sportsko-rekreacijski centar Ponikve,Jagnedje,091 346 4836,,ivan.milinkovic@tkponikve.hr,,III. KATEGORIJA,Sportsko društvo Ponikve,"nogomet, tenis, kuglanje, boćanje",Sportsko-rekreacijski centar,"5 otvorenih tenis terena, zimi 5 (balon)"
15.9811993390001,45.7914085940001,48,Sportsko-rekreacijski centar Staro Trnje,Ulica Josipa Andreisa 17,01 605 0175,,koncic@stup.hr,,IV. KATEGORIJA,"Društvo sportske rekreacije ""Staro Trnje""","mali nogomet, tenis, košarka",Sportsko-rekreacijski centar,3 otvorena tenis terena
16.1045469170001,45.8234403050001,49,Sportsko-rekreacijski centar Sljeme,Ulica Ivana Keleka 2B,091 563 1141,,tandara.ante@gmail.com,,V. KATEGORIJA,Udruga za šport i rekreaciju hrvatskih branitelja,"nogomet, mali nogomet, šah, australski nogomet",Sportsko-rekreacijski centar,
16.0014016000001,45.7879631550001,50,Nogometno igralište Savica,Avenija Marina Držića 102,01 642 1025,,robert.pavicic@sportskiobjekti.hr,www.sportskiobjekti.hr,III. KATEGORIJA,Ustanova Upravljanje sportskim objektima,"nogomet, mali nogmet, ragbi",Nogometno igralište,
15.9310487500001,45.7922160190001,51,Nogometno igralište Jarun,Ogulinska ulica 23,"01 363 7722, 098 577 640",01 363 7722,n.k.jarun@zg.t-com.hr,,III. KATEGORIJA,"Nogometni klub  ""Jarun""",nogomet,Nogometno igralište,
16.0623003100001,45.834825643,52,Nogometno igralište Studentski grad,Ulica Gjure Prejca 4,098 309 310,,nk.studentski.grad@zg.t-com.hr,,III. KATEGORIJA,"Nogometni klub ""Studentski grad""",nogomet,Nogometno igralište,
16.015390568,45.729281186,53,Nogometno igralište Hrašće,"Hrašćanska ulica 84, Hrašće Turopoljsko",099 361 3171,,safranic@zg.t-com.hr,,IV. KATEGORIJA,Nogometni klub „Hrašće“,nogomet,Nogometno igralište,
15.891071776,45.7450553620001,54,Nogometno igralište Hrvatski Leskovac,Jezeranska ulica 6A,"01 657 8362, 098 726 627",01 657 8362,todorovicmiljenko@gmail.com,,IV. KATEGORIJA,Nogometni klub „Hrvatski Leskovac“,nogomet,Nogometno igralište,
15.9722648580001,45.7215614520001,55,Nogometno igralište Mala Mlaka,"Igrališna ulica 19, Mala Mlaka",098 980 6298,,nkmalamlaka@gmail.com,www.nkmalamlaka.com,IV. KATEGORIJA,Nogometni klub Mala Mlaka,nogomet,Nogometno igralište,
16.0000596040001,45.763528223,56,Nogometno igralište Zelengaj,Ulica sv. Mateja 89,091 493 8161,,"nkzelengaj.hrelic@gmail.com, igor.kramaric1@gmail.com",,IV. KATEGORIJA,Nogometni klub „Zelengaj 1948“,nogomet,Nogometno igralište,
15.96108852,45.7467541610001,57,Nogometno igralište Čehi,"Ulica Slavka Čora 1G, Gornji Čehi","099 510 2556, 091 251 4847",,nkcehi@yahoo.com,www.nkcehi.weebly.com,V. KATEGORIJA,"Nogometni klub  ""Čehi""",nogomet,Nogometno igralište,
15.9189151790001,45.708826221,58,Nogometno igralište Odranski Strmec,"Hrastina 3, Strmec",099 253 3085,,zbubnic@gmail.com,,V. KATEGORIJA,Nogometni klub „Omladinac“,nogomet,Nogometno igralište,
15.9411149040001,45.795345222,59,Sportski park Trešnjevka,Veprinačka 16,"01 369 5125, 01 369 5122",01 369 5122,nktresnjevka@inet.hr,www.nk-tresnjevka.hr,III. KATEGORIJA,"Teniski klub  ""Trešnjevka""  i NK ""Trešnjevka""","nogomet, tenis",Nogometno igralište,"4 otvorena tenis terena, zimi 2 (balon)"
15.9931518380001,45.7982205320001,60,Sportsko-rekreacijski centar Trnje,Ulica grada Vukovara 236E,01 615 8304,01 615 8304,dsrt@zg.t-com.hr,www.dsr-trnje.hr,III. KATEGORIJA,"Društvo sportske rekreacije ""Trnje""","tenis, mali nogomet, atletika, odbojka, košarka",Sportsko-rekreacijski centar,"8 otvorenih tenis terena, zimi 4 (balon)"
15.993493055,45.774314195,61,Sportsko-rekreacijski centar Utrina,Kombolova ulica 4A,,,utrina.sportskicentar@gmail.com,,IV. KATEGORIJA,"Športsko društvo ""Utrina i prijatelji""","nogomet, tenis, košarka, taekwondo",Sportsko-rekreacijski centar,2 otvorena tenis terena
15.8959674170001,45.80764149,62,Malonogometno igralište Malešnica,Ulica Saliha Alića,095 389 4325,,mario.rendulic@gmail.com,,V. KATEGORIJA,NK Špansko,mali nogomet,Nogometno igralište,
15.936379081,45.80480879,63,Nogometno igralište Pongračevo,Klanječka ulica 37A,"01 309 9725, 01 301 3063","01 309 9725, 01 301 3063","sparta.elektra1913@gmail.com, nk.sloga.gredelj@gmail.com","www.sparta-elektra.hr, www.nksloga.com.hr",IV. KATEGORIJA,NK Šparta - Elektra i NK Sloga,nogomet,Nogometno igralište,
15.9207890640001,45.80211861,64,Sportsko-rekreacijski centar Rudeš,Rudeška cesta 23,098 261 117,,teniski.klub.rudes@zg.t-com.hr,"www.tkrudes.com, www.nk-rudes.hr",III. KATEGORIJA,"TK ""Rudeš""","nogomet, tenis",Sportsko-rekreacijski centar,"6 otvorenih tenis terena, zimi 3 (balon)"
15.9616190190001,45.7899681320001,65,Boćarski dom Zrinjevac,Prisavlje 2,,,,,nije vlasništvo Grada Zagreba,,,Ostali sportski objekti,
15.9659503190001,45.7846377340001,66,Hipodrom Zagreb,Ulica Radoslava Cimermana 5,01 642 1025,01 652 4519,robert.pavicic@sportskiobjekti. hr,www.sportskiobjekti.hr,I. KATEGORIJA,Ustanova Upravljanje sportskim objektima,konjički sportovi,Ostali sportski objekti,
15.9090265880001,45.780073094,67,Baseball igralište,Aleja Matije Ljubeka,095 399 8868,,info@bk-zagreb.hr,www.bk-zagreb.hr,III. KATEGORIJA,"Baseball klub ""Zagreb""",baseball,Ostali sportski objekti,
15.953720763,45.785654347,68,Kajakaški dom Zagreb,Savska cesta 193,098 478 061,,info@kkkzagreb.hr,www.kkkzagreb.hr,III. KATEGORIJA,"Kajak, kanu klub ""Zagreb""","kajak, kanu",Ostali sportski objekti,
15.9806704970001,45.7907099880001,69,Veslački dom Croatia,Trnjanska cesta 117,01 615 7581,01 615 7581,tajnik@vk-croatia.hr,www.vk-croatia.hr,III. KATEGORIJA,"Veslački klub ""Croatia""",veslanje,Ostali sportski objekti,
15.95694265,45.7872243790001,70,Veslački dom Zagreb,Veslačka ulica 27,01 619 2207,01 619 2207,tajnistvo@vkzagreb.hr,www.vkzagreb.hr,III. KATEGORIJA,"Veslački klub ""Zagreb""","veslanje, tenis, mali nogomet, teretana(članovi)",Ostali sportski objekti,
15.974160554,45.7719215720001,71,Boćalište Siget,Aleja pomoraca 17,,,,,IV. KATEGORIJA,"Boćarski klub ""Siget""",boćanje,Ostali sportski objekti,
15.960627941,45.8032120830001,72,Dom sportskih ribolovaca,Ulica Silvija Strahimira Kranjčevića 11,,,zgribdrust@gmail.com,www.sites.google.com/site/zagrebackoribolovnodrustvo/home,IV. KATEGORIJA,Zagrebačko ribolovno društvo,sportski ribolov,Ostali sportski objekti,
15.944502873,45.9013909700001,73,Staze za skijaško trčanje Sljeme,Sljemenska ulica 82,,,"igor.ziljak@sportskiobjekti.hr, jadranka.pilic@sportskiobjekti.hr, jasna.grego@sportskiobjekti.com",www.sportskiobjekti.hr,IV. KATEGORIJA,,skijaško trčanje,Ostali sportski objekti,
15.9770822890001,45.8181311860001,74,Igralište Opatovina,Kaptol 15 - 16,,,,,V. KATEGORIJA,OŠ Miroslava Krleže,mali nogomet,Školski objekti,
16.053680372,45.8727755510001,75,Igralište Slanovečka,Slanovečka cesta 21,,,,,V. KATEGORIJA,OŠ Čučerje - PŠ Dankovec,mali nogomet,Školski objekti,
15.9873142070001,45.8081053380001,76,Košarkaško igralište Križanićeva,Ulica Jurja Križanića 4,,,,,V. KATEGORIJA,VII. Gimnazija,košarka,Školski objekti,
15.9594564990001,45.8168310620001,77,Omladinski park,Bosanska ulica iza broja 36,,,,,V. KATEGORIJA,,,Ostali sportski objekti,
16.124203778,45.9066936140001,78,Rukometno igralište Mažuranićeva,"Cesta Ivana Mažuranića 43, Kašina",,,,,V. KATEGORIJA,OŠ Vugrovec - Kašina,"rukomet, mali nogomet",Školski objekti,
15.954054032,45.81058404,79,Rukometno igralište Metalac,Trg Francuske Republike,099 370 7875,,mrk.metalac@gmail.com,,V. KATEGORIJA,MRK Metalac,rukomet,Ostali sportski objekti,
16.090178296,45.828400312,80,Rukometno igralište Novo Brestje,"Ulica ljubičica 33, Novo Brestje",,,,,V. KATEGORIJA,,,Ostali sportski objekti,
15.913589631,45.7852812250001,83,Rekreacijsko sportski centar Jarun,Aleja Matije Ljubeka 3,01 642 1025,,robert.pavicic@sportskiobjekti.hr,www.sportskiobjekti.hr,I. KATEGORIJA,Ustanova Upravljanje sportskim objektima,"veslanje, kajak, kanu, jedrenje, plivanje, ribolov, košarka, nogomet, trim staza, traitlon, odbojka, rukomet i nogomet na pijesku, badminton, mini-golf, stolni tenis, skate park, trčanje, rolanje, rekreacija",Sportsko-rekreacijski centar,
15.857414996,45.7705381060001,84,Sportski aerodrom Lučko,"Ježdovečka ulica 17, Ježdovec","098 403 313, 098 273 561",01 643 1049,zgair@net.hr,,I. KATEGORIJA,Zagrebački zrakoplovni savez,"letenje sportskim avionima („motorno letenje“), letenje zrakoplovnim jedrilicama, sportsko padobranstvo i parajedriličarstvo",Ostali sportski objekti,
15.961893165,45.8037947270001,85,Gradsko boćalište Kranjčevićeva,Ulica Silvija Strahimira Kranjčevića 2a,098 469 423,,kontakt@zbs.hr,www.zbs.hr,III. KATEGORIJA,Zagrebački boćarski savez,boćanje,Ostali sportski objekti,boćanje 4 staze
15.954957134,45.786376696,86,Veslački dom Trešnjevka,Savska cesta 183,"01 301 8895, 098 778 748",01 301 8895,tajnik@vkt.hr,www.vkt.hr,III. KATEGORIJA,"Veslački klub ""Trešnjevka""",veslanje,Ostali sportski objekti,
15.9492166800001,45.80525986,87,Zagrebački hokejski centar,Zagorska ulica 5,,01 643 1051,zhs@t-com.hr,www.zagrebackihokejskisavez.hr,III. KATEGORIJA,Zagrebački hokejski savez,hokej na travi,Ostali sportski objekti,
15.8978413360001,45.814188008,88,Igralište za odbojku na pijesku,Ugao Majke Terezije i Bolničke,091 632 6552,,uprava@kop-vrapce.com,www.kop-vrapce.com,V. KATEGORIJA,Klub odbojke na pijesku „Vrapče“,"odbojka na pijesku, mali nogomet, košarka, rukomet",Ostali sportski objekti,3 igrališta odbojka na pijesku
15.970239325,45.856166284,89,Sportsko-rekreacijski centar Gračani,Isce 15,098 772 871,,zstefanac@srd-gracani.hr,,V. KATEGORIJA,Športsko rekreativno društvo „Gračani“,"mali nogomet, košarka, odbojka, rukomet",Sportsko-rekreacijski centar,
15.9945224570001,45.832830594,90,Sportsko-rekreacijski centar Kozjak,Bijenička cesta 97,,075 802 010,tajnik@srd-kozjak.hr,www.srd-kozjak.hr,V. KATEGORIJA,Športsko-rekreativno društvo Kozjak,"mali nogomet, košarka, boćanje",Sportsko-rekreacijski centar,boćanje 2 staze
15.9480899820001,45.9004026210001,91,Skijaške žičare i tereni,Sljemenska ulica 80,01 642 1025,"01 455 3384, 01 642 9362",robert.pavicic@sportskiobjekti.hr,www.sljeme.hr,I. KATEGORIJA,Ustanova Upravljanje sportskim objektima,"alpsko i nordijsko skijanje, snowboard",Ostali sportski objekti,
15.9935306850001,45.8093185800001,92,Sportsko-rekreacijski centar Šubićevac,Ulica Pavla Šubića 12/2,01 465 8400,,goran@rkmaksimir-pastela.hr,www.rkmaksimir-pastela.hr,IV. KATEGORIJA,"Rukometni klub ""Maksimir - Pastela""","rukomet, mali nogomet, košarka, mini golf",Sportsko-rekreacijski centar,
15.963577038,45.8028353600001,93,Košarkaški centar Dražen Petrović,Savska cesta 30,01 642 1025,,robert.pavicic@sportskiobjekti.hr,www.sportskiobjekti.hr,I. KATEGORIJA,Ustanova Upravljanje sportskim objektima,košarka,Sportska dvorana,4537 sjedećih mjesta + 195 vip loža
15.970059985,45.8086964710001,94,Gimnastički dom Hrvatski sokol,Trg Republike Hrvatske 6,"01 482 8475, 01 482 6206",01 482 6901,ztd.hrvatski.sokol@gmail.com,www.sokolzagreb.hr,II. KATEGORIJA,"Zagrebačko tjelovježbeno društvo ""Hrvatski sokol""",gimnastika,Ostali sportski objekti,
16.06258239,45.8323172570001,95,Školska sportska dvorana Dubrava,Ulica Gjure Prejca 2,01 642 1025,01 293 2788,robert.pavicic@sportskiobjekti.hr,www.sportskiobjekti.hr,II. KATEGORIJA,Ustanova Upravljanje sportskim objektima,"hrvanje, košarka, mali nogomet, rukomet, odbojka",Sportska dvorana,cca 1000 sjedećih mjesta
16.025886568,45.805387114,96,Školska sportska dvorana Peščenica,Ulica Grada Gospića 1,01 642 1025,01 230 7246,robert.pavicic@sportskiobjekti.hr,www.sportskiobjekti.hr,II. KATEGORIJA,Ustanova Upravljanje sportskim objektima,"hrvanje, karate, košarka, mali nogomet, odbojka, rock n roll, wushu",Sportska dvorana,cca 450 sjedećih mjesta
16.106764194,45.8333339420001,97,Školska sportska dvorana Sesvete,"Bistrička ulica 7, Sesvete",,,,,II. KATEGORIJA,Srednja škola Sesvete,"rukomet, hrvanje, košarka",Školski objekti,
15.9632866370001,45.7741748620001,98,Školska sportska dvorana Boško Božić Pepsi,Trnsko 25,01 642 1025,01 652 8204,robert.pavicic@sportskiobjekti.hr,www.sportskiobjekti.hr,II. KATEGORIJA,Ustanova Upravljanje sportskim objektima,"karate, košarka, odbojka, mali nogomet",Sportska dvorana,cca 1500 sjedećih mjesta
15.832545548,45.8179283380001,99,Sportska dvorana Sutinska vrela,Podsusedski trg 14B,01 642 1025,,robert.pavicic@sportskiobjekti.hr,www.sportskiobjekti.hr,II. KATEGORIJA,Ustanova Upravljanje sportskim objektima,"badminton, hokej, judo, karate, mali nogomet, odbojka, rock n roll, rukomet, streličarstvo, taekwondo",Sportska dvorana,cca 1300 sjedećih mjesta
15.9418380160001,45.7966675100001,100,Sportska dvorana Trešnjevka,Veprinačka ulica 16,01 642 1025,01 369 5104,robert.pavicic@sportskiobjekti.hr,www.sportskiobjekti.hr,II. KATEGORIJA,Ustanova Upravljanje sportskim objektima,"boks, karate, košarka, mali nogomet, rukomet",Sportska dvorana,cca 1000 sjedećih mjesta
15.9861982640001,45.8141979060001,101,Dvorana Medvedgrad,Vlaška ulica 71,098 314 347,,info@rapir.hr,,IV. KATEGORIJA,"Mačevalački klub ""Rapir""",mačevanje,Ostali sportski objekti,2 staze za mačevanje
15.994041893,45.808254418,102,Dvorana Medveščak,Ulica Škendera Fabkovića 1,01 465 5642,,medvescak.dsr@gmail.com,,IV. KATEGORIJA,"Društvo sportske rekreacije ""Medvščak""",rekreacija,Ostali sportski objekti,
16.0072399920001,45.8161034240001,103,Dvorana Škrlčeva,Ulica Nikole Škrlca 24,,,,,IV. KATEGORIJA,OŠ A. Harambašića,"borilački sportovi, rekreacija",Školski objekti,
15.910877699,45.8080409770001,104,Sportski centar Medarska,Medarska ulica 80B,01 642 1025,,robert.pavicic@sportskiobjekti.hr,www.sportskiobjekti.hr,IV. KATEGORIJA,Ustanova Upravljanje sportskim objektima,stolni tenis,Sportska dvorana,
15.967031569,45.7967488630001,105,Dvorana za stolni tenis Vrbik,Vrbik I. br.1,,,,,IV. KATEGORIJA,,,Ostali sportski objekti,
15.9694419460001,45.8161742780001,106,Košarkaški centar Tuškanac,Tuškanac 1A,,,,,IV. KATEGORIJA,,košarka,Ostali sportski objekti,
15.9927035040001,45.7762222260001,107,Školsko-sportski centar Utrine,Avenija Dubrovnik 36,,,,,IV. KATEGORIJA,I. Gimnazija,"atletika, mali nogomet, košarka",Školski objekti,
15.9471121620001,45.7709968930001,108,Sportske površine Remetinec,Ulica Ive Robića,098 945 4621,,rjasak@net.hr,,IV. KATEGORIJA,Nogometni klub Gavran (NK GAVRAN),nogomet,Teniski teren,
15.92067042,45.7976500950001,109,Dvorana Rudeš,Rudeška cesta 71,091 3817 091,,mladen.miholic@gmail.com,,IV. KATEGORIJA,"Košarkaški klub ""Rudeš""",košarka,Sportska dvorana,
15.9289009500001,45.8001110980001,110,Školsko-sportski centar Konavoska,Konavoska ulica 2,,,,,V. KATEGORIJA,Elektrotehnička škola,"košarka, mali nogomet",Školski objekti,
16.004773899,45.765911402,111,Sportske površine Dugave,Kauzlarićev prilaz,095 427 6678,,goran.milicic@yahoo.com,,V. KATEGORIJA,Teniski klub dugave,tenis,Sportsko-rekreacijski centar,2 otvorena tenis terena
15.954306709,45.790793718,112,Sportske površine Knežija (NE RADI),Ulica Ćire Truhelke,,,,,V. KATEGORIJA,,,Ostali sportski objekti,
15.948830862,45.810691122,113,Dvorana Ban Keglević,Bleiweisova ulica 28,091 786 9239,,dpecko@gmail.com,,IV. KATEGORIJA,Taekwondo klub Zagreb – „BAN KEGLEVIĆ“,"taekwondo, stolni tenis, streljaštvo",Ostali sportski objekti,
16.042701159,45.8324557610001,114,Dvorana za boćanje Dubrava,Ulica sv. Leopolda Mandića 55/1,099 251 4477,,josonimac1503@gmail.com,,III. KATEGORIJA,"Boćarski klub ""Ante Starčević""",boćanje,Ostali sportski objekti,
15.986912063,45.810881029,115,Dvorana Lika,Trg žrtava fažizma 3,091 490 1966,01 464 9699,hklika@yahoo.com,,IV. KATEGORIJA,"Hrvački klub ""Lika""",hrvanje,Ostali sportski objekti,
15.966942454,45.804758679,116,Dvorana Lokomotiva,Ulica Đure Crnatka 18,091 504 3104,,hklokomotiva@hotmail.com,,IV. KATEGORIJA,"Hrvački klub ""Lokomotiva""",hrvanje i boks,Ostali sportski objekti,
15.9810687240001,45.811106083,117,Sportska dvorana Palmotićeva,Palmotićeva ulica 22/2,,,tomislav-horvat@inet.hr,www.taekwondo-osvit.hr,IV. KATEGORIJA,"Taekwondo klub ""Osvit""","sportska rekreacija, taekwondo, sportski ples",Ostali sportski objekti,
15.965187251,45.770874082,118,Sportske površine Trnsko,Trnsko 37-38,091 915 7036,,,,V. KATEGORIJA,Društvo športske rekreacije „Boćko“,boćanje,Sportsko-rekreacijski centar,4 staze za boćanje
15.9855987880001,45.7853577050001,119,Sportsko-rekreacijski centar Bundek,Damira Tomljanovića Gavrana,01 642 1025,01 663 6562,robert.pavicic@sportskiobjekti.hr,www.sportskiobjekti.hr,nije vlasništvo Grada Zagreba,Ustanova Upravljanje sportskim objektima,sportska rekreacija,Sportsko-rekreacijski centar,
16.107587816,45.83520079,120,Sportsko-rekreacijski centar Sesvete,"Bistrička ulica 9, Sesvete",091 504 5860,,hk.sesvete@gmail.com,,II. KATEGORIJA,Hrvački klub Sesvete,"nogomet, hrvanje, tenis",Sportsko-rekreacijski centar,4 otvorena tenis terena
15.9013261430001,45.8010376070001,121,Sportsko-rekreacijski centar Špansko,Ulica Slavka Batušića 2A,"098 913 5231, 01 658 6435, 098 469 423",01 389 4325,"tenis.spansko@gmail.com, info@nkspansko.hr","www.tenis-klub-spansko.hr; www.nkspansko.hr",III. KATEGORIJA,TK Špansko i NK Špansko,"nogomet, tenis",Sportsko-rekreacijski centar,"5 otvorenih tenis terena, 4 natkrivene staze za boćanje"
16.0107229720001,45.7941008430001,122,Sportsko-rekreacijski centar Folnegovićevo,Ulica Savica I. br. 3,,,,,IV. KATEGORIJA,,,Sportsko-rekreacijski centar,
15.8699313920001,45.8323961630001,123,Sportsko-rekreacijski centar Gornji Stenjevec,Dubravica 109A,,,,,IV. KATEGORIJA,,,Sportsko-rekreacijski centar,
16.105721128,45.8316807520001,124,Sportsko-rekreacijski centar Luka -boćanje,Otona Ivekovića,,,,,IV. KATEGORIJA,,boćanje,Sportsko-rekreacijski centar,
15.927640314,45.8453905390001,125,Sportsko-rekreacijski centar Medvedgrad,Mikulići 133,,,,,IV. KATEGORIJA,,,Sportsko-rekreacijski centar,
16.133874866,45.830828936,126,Sportsko-rekreacijski centar Sesvetska sela,"Glavna ulica 74, Sesvete",,,,,IV. KATEGORIJA,,,Sportsko-rekreacijski centar,
16.0097108090001,45.8259128940001,127,Mini sportsko-rekreacijski centar Barutanski breg,Barutanski breg 5,,,,,V. KATEGORIJA,,,Sportsko-rekreacijski centar,
16.0412570660001,45.808589151,128,Sportsko-rekreacijski centar Borongaj-Lugovi,Savudrijska,,,,,V. KATEGORIJA,,,Sportsko-rekreacijski centar,
15.9749711630001,45.8376267880001,129,Sportsko-rekreacijski centar Gupčeva zvijezda,Orlovac 2,,,,,V. KATEGORIJA,,,Sportsko-rekreacijski centar,
16.0499352310001,45.8263374790001,130,Sportsko-rekreacijski centar Ivan Mažuranić,Javorinska,,,,,V. KATEGORIJA,,,Sportsko-rekreacijski centar,
15.9918374280001,45.852419969,132,Sportsko-rekreacijski centar Remete,Vinec 3,099 811 0925,,vinklub1@gmail.com,,V. KATEGORIJA,"Sportska udruga za rekreaciju i promociju zdravlja ""VIN KLUB""",,Sportsko-rekreacijski centar,boćanje 2 staze
15.972558642,45.8203361560001,133,Sportsko-rekreacijski centar Tuškanac,Dubravkin put,,,,,V. KATEGORIJA,,,Sportsko-rekreacijski centar,
15.9874993610001,45.7730925330001,134,Sportsko-rekreacijski centar Sopot,Ulica Milovana Kovačevića 20,01 642 1025,,robert.pavicic@sportskiobjekti.hr,www.sportskiobjekti.hr,III. KATEGORIJA,Ustanova Upravljanje sportskim objektima,"objekt u rekonstrukciji - predviđeno - košarka, rukomet, atletska staza, boćanje, tenis, mali nogomet",Sportsko-rekreacijski centar,
16.01792196,45.8186699230001,135,Gradski stadion Maksimir,Maksimirska cesta 128,01 238 6111,01 231 2316,dinamo@gnkdinamo.hr,www.gnkdinamo.hr,I. KATEGORIJA,GNK Dinamo,nogomet,Stadion,
15.960825083,45.80451371,136,Nogometni stadion Zagreb,Ulica Silvija Strahimira Kranjčevića 4,01 642 1025,01 366 8327,robert.pavicic@sportskiobjekti.hr,www.nkzagreb.hr,I. KATEGORIJA,Ustanova Upravljanje sportskim objektima,nogomet,Stadion,
15.9726025040001,45.7717253440001,137,Nogometni stadion NK Hrvatski Dragovoljac,Radmanovačka ulica 24A,01 652 0341,01 652 2564,nk@hrvatski-dragovoljac.com,www.nk-hrvatskidragovoljac.hr,II. KATEGORIJA,"Nogometni klub ""Hrvatski dragovoljac""",nogomet,Stadion,
15.868256606,45.7599255210001,138,Nogometni stadion Lučko,Puškarićeva ulica 122,01 653 0696,01 653 0696,info@nk-lucko.hr,www.nk-lucko.hr,II. KATEGORIJA,"Nogometni klub  ""Lučko""",nogomet,Stadion,
16.1174221200001,45.8360692320001,139,Nogometni stadion Radnik,"Ulica Vladimira Vidrića 7, Sesvete",098 206 958,01 202 1900,nksesvete@nksesvete.hr,,II. KATEGORIJA,"Nogometni klub  ""Sesvete""",nogomet,Stadion,
15.9682370310001,45.781287987,140,Nogometni stadion NK Lokomotiva,Ulica Radoslava Cimermana 7,098 233 800,01 655 3348,drazen.milicevic@nklokomotiva.hr,www.nklokomotiva.hr,II. KATEGORIJA,"Nogometni klub  ""Lokomotiva""","nogomet, ragbi",Stadion,
15.996116021,45.790087204,142,Streljana Savica,Ulica Vladimira Ruždjaka 21,,,sdsavica@gmail.com,,IV. KATEGORIJA,"Streljačko društvo ""Savica""",streljaštvo,Streljana,12 streljačkih mjesta
16.012907097,45.8286248430001,143,Streljana Maksimir,Oboj 2,098 701 799,,novizsss@gmail.com,www.suz.hr,II. KATEGORIJA,Streljačka udruga Zagreba,streljaštvo,Streljana,40 streljačkih mjesta
15.992422544,45.807982021,144,Streljana Medveščak,Trg Kralja Petra Krešimira IV. 3,,,"ira.tuzlancic@gmail.com, info@sk-medvescak.hr",www.sk-medvescak.hr,IV. KATEGORIJA,"Streljački klub ""Medveščak""",streljaštvo,Streljana,10 streljačkih mjesta
15.983029683,45.7733035140001,145,Streljana Sopot,Ulica Huga Ehrlicha 9B,091 192 8031,,sksopot1@gmail.com,www.sksopot.hr,IV. KATEGORIJA,"Streljački klub ""Sopot""",streljaštvo,Streljana,7 streljačkih mjesta
15.9852134380001,45.796493603,146,Streljana Trnje,Trg kardinala Franje Šepera 5,091 563 9438,,sdtrnje@net.amis.hr,,IV. KATEGORIJA,"Streljačko društvo ""Trnje""",streljaštvo,Streljana,8 streljačkih mjesta
15.968333412,45.7093829020001,147,Streljana Luže,"Prširi 51, Odranski Obrež",098 318 699,,"drazen.bozic@zg.htnet.hr, drazen.bozic@hotmail.com",,I. KATEGORIJA,,"streljana (trap, skeet)",Streljana,7 streljačkih mjesta
15.975183126,45.8087094100001,148,Streljana Sveučilište,Ulica Ante Kovačića 4,091 501 2463,,dstrukic@gmail.com,,IV. KATEGORIJA,SD „Sveučilište“,zračna puška,Streljana,4 piste
16.0324815970001,45.821752916,149,Teniski centar Maksimir,V. Ravnice 10,01 642 1025,01 291 0090,robert.pavicic@sportskiobjekti.hr,www.sportskiobjekti.hr,I. KATEGORIJA,Ustanova Upravljanje sportskim objektima,"tenis, squash",Teniski teren,
16.0019962920001,45.789049538,150,Teniski centar Chromos,Prisavlje 22,095 604 3003,01 604 3003,teniski.klub.chromos@zg.t-com.hr,www.tk-chromos.hr,III. KATEGORIJA,"Teniski  klub ""Chromos""",tenis,Teniski teren,"8 otvorenih tenis terena, zimi 3 (balon)"
16.0007965670001,45.789151949,151,Teniski centar Chromos-Savica,Prisavlje 20,01 604 3006,01 604 3006,t.k.chrosavica@gmail.com,,III. KATEGORIJA,"Teniski  klub ""Chromos-Savica""",tenis,Teniski teren,"6 otvorenih tenis terena, zimi 2 (balon)"
15.951145218,45.8046946850001,152,"Teniski centar ""HTK Zagreb""",Ulica Velimira Kljajića 4,01 301 1045,01 309 6143,htk.zagreb@zg.ht.hr,www.htkzagreb.hr,III. KATEGORIJA,"Hrvatski teniski klub ""Zagreb""",tenis,Teniski teren,"7 otvorenih tenis terena, zimi 4 (balon)"
15.905721525,45.795336493,153,Teniski centar Prečko,Dekanići 10,01 388 5495,,tenis.klub.precko@zg.t-com.hr,www.tk-precko.hr,III. KATEGORIJA,Teniski klub „Prečko“ Zagreb,tenis,Teniski teren,"5 otvorenih tenis terena, zimi 2 (balon)"
15.8319638410001,45.822175316,154,Teniska dvorana Podsused,Aleja Seljačke bune 40,,,,,III. KATEGORIJA,,,Teniski teren,
15.974467368,45.820844488,155,Tenisko igralište Dubravkin put,Dubravkin put,099 670 7605,,dsr.sportskigrad@gmail.com,,V. KATEGORIJA,DŠR „Gornji grad-Medveščak Zagreb“,tenis,Teniski teren,1 otvoreni tenis teren
16.1067281680001,45.8101728720001,156,Bazen Jelkovec,"Ulica Vladimira Stahuljaka 5, Jelkovec",01 642 1025,,robert.pavicic@sportskiobjekti.hr,www.sportskiobjekti.hr,nije vlasništvo Grada Zagreba,Ustanova Upravljanje sportskim objektima,"plivanje, vaterpolo, ronjenje, sinkro plivanje",Bazen,3 natkrivena bazena
15.9298080930001,45.8877881990001,158,PD Grafičar,Sljemenska cesta 30,,,,http://www.pp-medvednica.hr,IV. KATEGORIJA,,planinarenje,Ostali sportski objekti,
15.96896,45.903620002,159,PD Ivan Pančkovski - Puntijarka,Medvednica,,,,http://www.pp-medvednica.hr,IV. KATEGORIJA,,planinarenje,Ostali sportski objekti,
15.9177300000001,45.8781400010001,160,PD Risnjak,Medvednica,,,,http://www.pp-medvednica.hr,IV. KATEGORIJA,,planinarenje,Ostali sportski objekti,
15.961356,45.897264002,161,PD Runolist,Medvednica,,,,http://www.pp-medvednica.hr,IV. KATEGORIJA,,planinarenje,Ostali sportski objekti,
16.011168878,45.7929863510001,162,Sportsko-rekreacijski centar Borovje,Frana Krste Frankopan 4,,,,,III. KATEGORIJA,,,Sportsko-rekreacijski centar,
15.830633015,45.819243224,163,PD Podsused (NE RADI),Podsused,,,,,IV. KATEGORIJA,,planinarenje,Ostali sportski objekti,
16.057783751,45.832308626,164,Taekwondo centar Dubrava,Koledinečka ulica 3A,,,,,IV. KATEGORIJA,,,Ostali sportski objekti,
15.8979510070001,45.777304143,165,Golf&Country Club Zagreb,Jadranska avenija 6,01 653 1177,,gcczagreb@gcczagreb.hr ,www.gcczagreb.hr,nije vlasništvo Grada Zagreba,Golf & Country Club Zagreb d.o.o. ,golf,Ostali sportski objekti,golf igralište
16.162638359,45.9025140780001,166,Aquapark Adamovec,"Ulica Dragutina M. Domjanića 39, Adamovec",01 204 3014,,info@aquaparkadamovec.hr,www.aquaparkadamovec.hr,nije vlasništvo Grada Zagreba,Aquapark Adamovec d.o.o.,plivanje,Bazen,aquapark
15.9559717920001,45.786941363,167,Veslački dom Mladost,Veslačka ulica 26,01 619 2209,,havk-mladost@zg.t-com.hr,www.mladost.hr,nije vlasništvo Grada Zagreba,Sportska udruga,veslanje,Ostali sportski objekti,
16.1053124750001,45.8310219630001,168,Sportsko-rekreacijski centar Luka (boćalište),Otona Ivekovića,,,,,IV. KATEGORIJA,,boćanje,Sportsko-rekreacijski centar,
15.9749711630001,45.8376267880001,169,Sportsko-rekreacijski centar Gupčeva zvijezda,Orlovac 2,,,,,V. KATEGORIJA,,višenamjenska građevina,Školski objekti,
15.9852626520001,45.8162717280001,170,Sportsko-rekreacijski centar Šalata,Stube Josipa Schlossera 2,01 642 1025,01 461 6848,robert.pavicic@sportskiobjekti.hr,www.sportskiobjekti.hr,I. KATEGORIJA,Ustanova Upravljanje sportskim objektima,"plivanje, vaterpolo, skokovi u vodu, sinkro plivanje, tenis, hokej na ledu, sinkro klizanje, taekwondo",Bazen,"9 otvorenih tenis terena, zimi 8 (balon), 4 otvorena bazena, 1 otvoreno klizalište"
16.0041792370001,45.7656730640001,171,Sportske površine Dugave,Kauzlarićev prilaz,095 427 6678,,goran.milicic@yahoo.com,,V. KATEGORIJA,Teniski klub dugave,tenis,Teniski teren,
15.9476330570001,45.7712068280001,172,Sportske površine Remetinec,Ulica Ive Robića,098 945 4621,,rjasak@net.hr,,IV. KATEGORIJA,Nogometni klub Gavran (NK GAVRAN),nogomet,Nogometno igralište,
15.94436404,45.7823668660001,173,Sportski park Mladost,Jarunska ulica 1-5,01 642 1025,01 363 3518,robert.pavicic@sportskiobjekti.hr,www.sportskiobjekti.hr,I. KATEGORIJA,Ustanova Upravljanje sportskim objektima,"atletika, hokej na travi, vaterpolo, plivanje, sinkro plivanje, ronjenje, judo, stolni tenis, tenis, odbojka",Bazen,"2 natkrivena bazena (olimpijski i mali), 2 otvorena bazena (olimpijski i mali)"
15.9854194530001,45.8155225680001,174,Sportsko-rekreacijski centar Šalata,Stube Josipa Schlossera 2,01 642 1025,01 461 6848,robert.pavicic@sportskiobjekti.hr,www.sportskiobjekti.hr,I. KATEGORIJA,Ustanova Upravljanje sportskim objektima,"plivanje, vaterpolo, skokovi u vodu, sinkro plivanje, tenis, hokej na ledu, sinkro klizanje, taekwondo",Klizalište,"9 otvorenih tenis terena, zimi 8 (balon), 4 otvorena bazena, 1 otvoreno klizalište"
15.951848613,45.8074864330001,175,Dom sportova,Trg Krešimira Ćosića 11,01 642 1025,01 365 0350,robert.pavicic@sportskiobjekti.hr,www.sportskiobjekti.hr,I. KATEGORIJA,Ustanova Upravljanje sportskim objektima,"umjetničko klizanje, sinkronizirano klizanje, hokej na ledu, hokej na sanjkama za osobe sa invaliditetom, rukomet, košarka, futsal (mali nogomet), bridge, šah, mačevanje, streljaštvo, karate, teakwando, dizanje utega",Sportska dvorana,"velika dvorana 4988 sjedećih mjesta, mala dvorana 2487 sjedećih mjesta"
16.015938739,45.8175557700001,176,Bazenski kompleks Svetice,Ulica Divka Budaka 21,01 642 1025,,mladen.petek@sportskiobjekti.hr,www.sportskiobjekti.hr,II. KATEGORIJA,Ustanova Upravljanje sportskim objektima,"plivanje, sinkro plivanje, ronjenje, vaterpolo",Bazen,3 natkrivena bazena
15.9514998670001,45.806303083,178,Zimsko plivalište Mladost,Trg Krešimira Ćosića 10,01 642 1025,,robert.pavicic@sportskiobjekti.hr,www.sportskiobjekti.hr,I. KATEGORIJA,Ustanova Upravljanje sportskim objektima,"plivanje, skokovi u vodu, sinkro plivanje, kajak-kanu, ronjenje, vaterpolo, triatlon, karate",Ostali sportski objekti,
15.9941225650001,45.832679248,179,Sportsko-rekreacijski centar Kozjak,Bijenička cesta 97,,075 802 010,tajnik@srd-kozjak.hr,www.srd-kozjak.hr,V. KATEGORIJA,Športsko-rekreativno društvo Kozjak,"mali nogomet, košarka, boćanje",Nogometno igralište,boćanje 2 staze
15.970239325,45.856166284,180,Sportsko-rekreacijski centar Gračani,Isce 15,098 772 871,,zstefanac@srd-gracani.hr,,V. KATEGORIJA,Športsko rekreativno društvo „Gračani“,"mali nogomet, košarka, odbojka, rukomet",Nogometno igralište,
15.993493055,45.774314195,181,Sportsko-rekreacijski centar Utrina,Ulica Zulejke Stefanini Tućan 2,,,utrina.sportskicentar@gmail.com,,IV. KATEGORIJA,"Športsko društvo ""Utrina i prijatelji""","nogomet, tenis, košarka, taekwondo",Nogometno igralište,2 otvorena tenis terena
15.993517001,45.7739238620001,182,Sportsko-rekreacijski centar Utrina,Kombolova ulica 4A,,,utrina.sportskicentar@gmail.com,,IV. KATEGORIJA,"Športsko društvo ""Utrina i prijatelji""","nogomet, tenis, košarka, taekwondo",Teniski teren,2 otvorena tenis terena
15.981227953,45.7909952700001,183,Sportsko-rekreacijski centar Staro Trnje,Ulica Josipa Andreisa 17,01 605 0175,,koncic@stup.hr,,IV. KATEGORIJA,"Društvo sportske rekreacije ""Staro Trnje""","mali nogomet, tenis, košarka",Teniski teren,3 otvorena tenis terena
15.9413496010001,45.796314383,184,Sportski park Trešnjevka,Veprinačka 16,"01 369 5125, 01 369 5122",01 369 5122,nktresnjevka@inet.hr,www.nk-tresnjevka.hr,III. KATEGORIJA,"Teniski klub  ""Trešnjevka""  i NK ""Trešnjevka""","nogomet, tenis",Teniski teren,"4 otvorena tenis terena, zimi 2 (balon)"
15.993826099,45.799156528,185,Sportsko-rekreacijski centar Trnje,Ulica grada Vukovara 236E,01 615 8304,01 615 8304,dsrt@zg.t-com.hr,www.dsr-trnje.hr,III. KATEGORIJA,"Društvo sportske rekreacije ""Trnje""","tenis, mali nogomet, atletika, odbojka, košarka",Teniski teren,"8 otvorenih tenis terena, zimi 4 (balon)"
15.9219205250001,45.80198626,186,Sportsko-rekreacijski centar Rudeš,Rudeška cesta 25A,098 261 117,,teniski.klub.rudes@zg.t-com.hr,"www.tkrudes.com, www.nk-rudes.hr",III. KATEGORIJA,"TK ""Rudeš""","nogomet, tenis",Teniski teren,"6 otvorenih tenis terena, zimi 3 (balon)"
15.8797750160001,45.8140844710001,187,Sportsko-rekreacijski centar Ponikve,Jagnedje 1a,091 346 4836,,ivan.milinkovic@tkponikve.hr,,III. KATEGORIJA,Sportsko društvo Ponikve,"nogomet, tenis, kuglanje, boćanje",Teniski teren,"5 otvorenih tenis terena, zimi 5 (balon)"
15.984608,45.816533195,188,Sportsko-rekreacijski centar Šalata,Stube Josipa Schlossera 2,01 642 1025,01 461 6848,robert.pavicic@sportskiobjekti.hr,www.sportskiobjekti.hr,I. KATEGORIJA,Ustanova Upravljanje sportskim objektima,"plivanje, vaterpolo, skokovi u vodu, sinkro plivanje, tenis, hokej na ledu, sinkro klizanje, taekwondo",Teniski teren,"9 otvorenih tenis terena, zimi 8 (balon), 4 otvorena bazena, 1 otvoreno klizalište"
16.0252317280001,45.817463064,189,Sportsko-rekreacijski centar Maksimirska naselja,Aleja Antuna Augustinčića 8,01 642 1025,01 232 3329,robert.pavicic@sportskiobjekti.hr,www.sportskiobjekti.hr,III. KATEGORIJA,Ustanova Upravljanje sportskim objektima,"tenis, košarka, nogomet, rukomet, boćanje",Teniski teren,"6 otvorenih tenis terena, zimi 6 (balon)"
16.0548929180001,45.839461885,190,Sportsko-rekreacijski centar Grana-Klaka,Aleja Blaža Jurišića 2,"01 293 2770, 098 278 378",01 293 2770,info@nkdubrava.hr,www.nkdubrava.hr,II. KATEGORIJA,"Nogometni klub ""Dubrava Tim Kabel""","nogomet, tenis, rukomet, košarka, boćanje, odbojka, šah, atletika",Teniski teren,"4 otvorena tenis terena, zimi 2 (balon), boćanje 2 staze"
15.9938372230001,45.7985594580001,191,Sportsko-rekreacijski centar Trnje,Ulica grada Vukovara 236E,01 615 8304,01 615 8304,dsrt@zg.t-com.hr,www.dsr-trnje.hr,III. KATEGORIJA,"Društvo sportske rekreacije ""Trnje""","tenis, mali nogomet, atletika, odbojka, košarka",Nogometno igralište,"8 otvorenih tenis terena, zimi 4 (balon)"
15.9231791190001,45.8028927510001,192,Sportsko-rekreacijski centar Rudeš,Rudeška cesta 25A,098 261 117,,teniski.klub.rudes@zg.t-com.hr,"www.tkrudes.com, www.nk-rudes.hr",III. KATEGORIJA,"TK ""Rudeš""","nogomet, tenis",Nogometno igralište,"6 otvorenih tenis terena, zimi 3 (balon)"
16.016947024,45.8055942340001,193,Sportsko-rekreacijski centar Peščenica,Donje Svetice 87,,01 230 2500,nk.hask@zg.t-com.hr,www.hask.hr,II. KATEGORIJA,"Nogometni klub ""HAŠK""","nogomet, boćanje",Nogometno igralište,boćanje 2 staze
15.896878244,45.8133414930001,194,Sportsko-rekreacijski centar Vrapče,Aleja grada Bolonje 2,01 347 3338,01 345 6666,nogmetni.klub.vrapce@zg.t-com.hr,www.nk-vrapce.hr,III. KATEGORIJA,SRC Vrapče,nogomet,Nogometno igralište,
16.1650066030001,45.8136829210001,195,Sportsko-rekreacijski centar Sesvetski Kraljevec,Ulica Ive Politea 42,01 204 5979,01 204 5979,nk.sesvetski .kraljevec @zg.t-com.hr,,III. KATEGORIJA,"Nogometni klub ""Sesvetski kraljevec""",nogomet,Nogometno igralište,
16.0529951620001,45.8141407800001,196,Rekreacijski centar Trnava,Ulica Valunske ploće 24 a,01 294 6826,,srdtrnava@srdtrnava.hr,www.srdtrnava.hr,IV. KATEGORIJA,Sportsko rekreacijsko društvo Trnava,nogomet,Nogometno igralište,
15.879363203,45.8146379360001,197,Sportsko-rekreacijski centar Ponikve,Jagnedje 1a,091 346 4836,,ivan.milinkovic@tkponikve.hr,,III. KATEGORIJA,Sportsko društvo Ponikve,"nogomet, tenis, kuglanje, boćanje",Nogometno igralište,"5 otvorenih tenis terena, zimi 5 (balon)"
16.024456851,45.8173202990001,198,Sportsko-rekreacijski centar Maksimirska naselja,Aleja Antuna Augustinčića 8,01 642 1025,01 232 3329,robert.pavicic@sportskiobjekti.hr,www.sportskiobjekti.hr,III. KATEGORIJA,Ustanova Upravljanje sportskim objektima,"tenis, košarka, nogomet, rukomet, boćanje",Nogometno igralište,"6 otvorenih tenis terena, zimi 6 (balon)"
16.1045469170001,45.8234403050001,199,Sportsko-rekreacijski centar Sljeme,Ulica Ivana Keleka 2B,091 563 1141,,tandara.ante@gmail.com,,V. KATEGORIJA,Udruga za šport i rekreaciju hrvatskih branitelja,"nogomet, mali nogomet, šah, australski nogomet",Nogometno igralište,
15.9512706570001,45.8534622080001,200,Sportsko-rekreacijski centar Šestine,Šestinski trg 10,01 462 1646,,leo.krsticevic@gmail.com,www.mnk-sestine.hr,IV. KATEGORIJA,Malonogometni klub Šestine  ,mali nogomet,Nogometno igralište,
16.0159841120001,45.839046368,201,Sportsko-rekreacijski centar Požarinje,VIII. Požarinje 2A,048 404 157,,slavenbakovic@yahoo.com,,IV. KATEGORIJA,"Društvo sportske rekreacije ""Zvižduk s Bukovca""",,Sportsko-rekreacijski centar,
16.01463231,45.8173720680001,202,Sportsko-rekreacijski centar Svetice,Svetice 1,01 642 1442,,igor.lisicak@sportskiobjekti.hr,www.sportskiobjekti.hr,II. KATEGORIJA,Ustanova Upravljanje sportskim objektima,"triatlon, atletika",Sportsko-rekreacijski centar,"atletska staza, atletski travnati teren, atletsko bacalište, tenis zid"
15.9675407940001,45.7783015470001,203,Atletska dvorana Zagrebački Velesajam,Avenija Dubrovnik 15/1,01 642 1025,,robert.pavicic@sportskiobjekti.hr,www.sportskiobjekti.hr,nije vlasništvo Grada Zagreba,Ustanova Upravljanje sportskim objektima,atletika,Ostali sportski objekti,
15.97453782,45.7803435540001,204,Boksačka dvorana Zagrebački Velesajam,Avenija Dubrovnik 15/18,,,,,nije vlasništvo Grada Zagreba,Ustanova Upravljanje sportskim objektima,boks,Ostali sportski objekti,"4 boksačka ringa, boksačke vreće, teretana, parter"
15.868494163,45.762993398,205,Sportski centar Lučko Gimnastička dvorana,"Ježdovečka ulica 3B, Ježdovec",098 669 404,,josip.zoric@sportskiobjekti.hr,www.sportskiobjekti.hr,nije vlasništvo Grada Zagreba,Ustanova Upravljanje sportskim objektima,gimnastika,Ostali sportski objekti,"vanjski teren nogometno igralište s umjetnom travom, dvorana s gimnastičkom opremom"
16.102633666,45.8127429040001,206,Boksačka dvorana Jelkovec,"Ulica 144. brigade Hrvatske vojske 4, Sesvete",01 642 1462,,vs.jelkovec@sportskiobjekti.hr,www.sportskiobjekti.hr,nije vlasništvo Grada Zagreba,Ustanova Upravljanje sportskim objektima,boks,Ostali sportski objekti,visoka opremljenost
15.868141865,45.761664803,207,Nogometno igralište,"Ježdovečka ulica 3B, Ježdovec",,,,,nije vlasništvo Grada Zagreba,Ustanova Upravljanje sportskim objektima,nogomet,Nogometno igralište,"nogometno igralište dimenzija dužine 102m, širine 64m, ukupne površine 6528 m2"
15.9926217500001,45.7730534940001,208,Sportska dvorana Utrina,Kombolova ulica 4,091 605 9009,,tihanatomas365@gmail.com,,IV. KATEGORIJA,"Boksački klub ""Coloseum""","boks, rekreacija",Sportska dvorana,
15.9650839600001,45.7713911480001,209,Sportske površine Trnsko,Trnsko 37 - 38,,,,,V. KATEGORIJA,,"nogomet, košarka, odbojka",Sportske površine,
16.054425694,45.8385492520001,210,Sportsko-rekreacijski centar Grana-Klaka,Aleja Blaža Jurišića 2,"01 293 2770, 098 278 378",01 293 2770,info@nkdubrava.hr,www.nkdubrava.hr,II. KATEGORIJA,"Nogometni klub ""Dubrava Tim Kabel""","nogomet, tenis, rukomet, košarka, boćanje, odbojka, šah, atletika",Nogometno igralište,"4 otvorena tenis terena, zimi 2 (balon), boćanje 2 staze"
15.980600829,45.7910022300001,211,Sportsko-rekreacijski centar Staro Trnje,Ulica Josipa Andreisa 17,01 605 0175,,koncic@stup.hr,,IV. KATEGORIJA,"Društvo sportske rekreacije ""Staro Trnje""","mali nogomet, tenis, košarka",Nogometno igralište,3 otvorena tenis terena
15.87595,45.8425400020001,212,PD Glavica,Medvednica,,,,http://www.pp-medvednica.hr,IV. KATEGORIJA,,planinarenje,Ostali sportski objekti,
15.9075508280001,45.7245768020001,219,Dvorana za hrvanje Brezovica,,,,,,,,,,
15.9694628340001,45.7714430400001,220,Sportski centar Siget,Radmanovačka 39,,,,,,,,,
