X,Y,OBJECTID,naziv,adresa,grad_cetvr,telefon,fax,email,web,vr_vrtica,tip_vrtica,nadlezan,gradjevina,kuhinja,dvorana,vdi,strani_jez
15.9452453800001,45.801658172,1,BAJKA,Zorkovačka ulica 8,TREŠNJEVKA-SJEVER,01 369 2062,01 302 7322,vrtic-bajka@zagreb.hr,www.vrtic-bajka.zagreb.hr,Gradski vrtić,CENTRALNI,"Gradski ured za obrazovanje, sport i mlade",namjenska građevina,DA,DA,DA,engleski
15.938020748,45.808916885,2,BAJKA,Humska ulica 1,TREŠNJEVKA-SJEVER,01 364 3327,,vrtic-bajka@zagreb.hr,,Gradski vrtić,PODRUČNI,"Gradski ured za obrazovanje, sport i mlade",namjenska građevina,NE,DA,DA,engleski
15.9372199370001,45.799718103,3,BAJKA,Opatijski trg 9,TREŠNJEVKA-SJEVER,01 369 5959,,vrtic-bajka@zagreb.hr,,Gradski vrtić,PODRUČNI,"Gradski ured za obrazovanje, sport i mlade",prenamijenjeni stan,NE,NE,DA,engleski
15.94402818,45.8027252630001,4,BAJKA,Selska cesta 95/1,TREŠNJEVKA-SJEVER,01 302 6170,,vrtic-bajka@zagreb.hr,,Gradski vrtić,PODRUČNI,"Gradski ured za obrazovanje, sport i mlade",namjenska građevina,NE,NE,DA,
15.938067732,45.7538961400001,5,BOTINEC,Ulica Zlatarova zlata 67,NOVI ZAGREB-ZAPAD,"01 654 5905, 01 654 5906",01 654 5339,vrtic-botinec@zagreb.hr,www.vrtic-botinec.zagreb.hr,Gradski vrtić,CENTRALNI,"Gradski ured za obrazovanje, sport i mlade",namjenska građevina,DA,DA,DA,engleski
15.9962858160001,45.731218901,6,BOTINEC,"Đačka ulica 3, Odra",NOVI ZAGREB-ZAPAD,01 626 2111,,vrtic-botinec@zagreb.hr,,Gradski vrtić,PODRUČNI,"Gradski ured za obrazovanje, sport i mlade",prenamiijenjena kuća,NE,NE,DA,engleski
15.9370136220001,45.754532511,7,BOTINEC,Ulica Ivice Kičmanovića 13,NOVI ZAGREB-ZAPAD,01 654 6112,,vrtic-botinec@zagreb.hr,,Gradski vrtić,PODRUČNI,"Gradski ured za obrazovanje, sport i mlade",prenamijenjeni stan,NE,NE,NE,"engleski, talijanski"
15.977670409,45.730282834,8,BOTINEC,"Malomlačka ulica 83, Mala Mlaka",NOVI ZAGREB-ZAPAD,01 626 2493,,vrtic-botinec@zagreb.hr,,Gradski vrtić,PODRUČNI,"Gradski ured za obrazovanje, sport i mlade",namjenska građevina,NE,DA,DA,engleski
15.9729339510001,45.8061450760001,9,BUDUĆNOST,Mihanovićeva ulica 30/2,DONJI GRAD,01 485 6713,01 485 6714,vrtic.buducnost@zagreb.hr,www.vrtic.buducnost.zagreb.hr,Gradski vrtić,CENTRALNI,"Gradski ured za obrazovanje, sport i mlade",namjenska građevina,DA,NE,DA,engleski
15.974978402,45.805999904,10,BUDUĆNOST,Haulikova ulica 6,DONJI GRAD,01 457 7336,,vrtic.buducnost@zagreb.hr,,Gradski vrtić,PODRUČNI,"Gradski ured za obrazovanje, sport i mlade",namjenska građevina,NE,NE,DA,
16.0012952430001,45.8392736550001,11,BUKOVAC,Bukovačka cesta 221,MAKSIMIR,01 244 5111,,vrtic-bukovac@zagreb.hr,,Gradski vrtić,PODRUČNI,"Gradski ured za obrazovanje, sport i mlade",namjenska građevina,NE,DA,DA,"engleski, njemački"
15.9968782660001,45.8484259420001,12,BUKOVAC,Bukovačka cesta 316A,MAKSIMIR,01 244 4539,,vrtic-bukovac@zagreb.hr,,Gradski vrtić,PODRUČNI,"Gradski ured za obrazovanje, sport i mlade",prenamiijenjena kuća,NE,NE,DA,engleski
16.017830455,45.806631022,13,CVRČAK,Turopoljska ulica 29,PEŠČENICA-ŽITNJAK,01 230 3402,01 230 3402,vrtic-cvrcak@zagreb.hr,www.vrtic-cvrcak.zagreb.hr,Gradski vrtić,CENTRALNI,"Gradski ured za obrazovanje, sport i mlade",namjenska građevina,NE,DA,DA,engleski
16.024393843,45.808659316,14,CVRČAK,Zapoljska ulica 34,PEŠČENICA-ŽITNJAK,01 230 7501,,vrtic-cvrcak@zagreb.hr,,Gradski vrtić,PODRUČNI,"Gradski ured za obrazovanje, sport i mlade",namjenska građevina,DA,DA,DA,engleski
16.0252915450001,45.8122014940001,15,CVRČAK,Ulica Ksavera Šandora Gjalskog 29A,PEŠČENICA-ŽITNJAK,01 230 3405,,vrtic-cvrcak@zagreb.hr,,Gradski vrtić,PODRUČNI,"Gradski ured za obrazovanje, sport i mlade",namjenska građevina,NE,DA,DA,engleski
16.045417249,45.8081342900001,16,CVRČAK,Vukomerec 43,PEŠČENICA-ŽITNJAK,01 237 1000,,vrtic-cvrcak@zagreb.hr,,Gradski vrtić,PODRUČNI,"Gradski ured za obrazovanje, sport i mlade",prenamiijenjena kuća,NE,DA,DA,
16.025558285,45.802395909,17,DUGA,Ferenščica I. 90,PEŠČENICA-ŽITNJAK,01 245 1786,01 245 1787,vrtic.duga@zagreb.hr,www.vrtic-duga.zagreb.hr,Gradski vrtić,CENTRALNI,"Gradski ured za obrazovanje, sport i mlade",namjenska građevina,DA,NE,DA,engleski
16.017658065,45.813635381,18,DUGA,Ulica Divka Budaka 16,PEŠČENICA-ŽITNJAK,01 232 9786,,vrtic.duga@zagreb.hr,,Gradski vrtić,PODRUČNI,"Gradski ured za obrazovanje, sport i mlade",prenamiijenjena kuća,NE,NE,DA,engleski
16.023831467,45.8070269940001,19,DUGA,Racinova ulica 1B,PEŠČENICA-ŽITNJAK,01 230 3202,,vrtic.duga@zagreb.hr,,Gradski vrtić,PODRUČNI,"Gradski ured za obrazovanje, sport i mlade",prenamiijenjena kuća,NE,NE,DA,
16.109372122,45.8125509210001,20,EN TEN TINI,"Ulica 144. brigade Hrvatske vojske 8, Sesvete",SESVETE,01 558 0133,01 558 0139,vrtic-ententini@zagreb.hr,www.vrtic-ententini.zagreb.hr,Gradski vrtić,CENTRALNI,"Gradski ured za obrazovanje, sport i mlade",namjenska građevina,DA,DA,DA,engleski
16.102233998,45.8124985810001,21,EN TEN TINI,"Ulica 144. brigade Hrvatske vojske 2, Sesvete",SESVETE,01 558 0140,,vrtic-ententini@zagreb.hr,,Gradski vrtić,PODRUČNI,"Gradski ured za obrazovanje, sport i mlade",namjenska građevina,NE,DA,NE,engleski
15.8749831430001,45.815238487,22,GAJNICE,Ulica hrvatskih iseljenika 6,PODSUSED-VRAPČE,01 345 5008,01 346 4929,vrtic-gajnice@zagreb.hr,www.vrtic-gajnice.zagreb.hr,Gradski vrtić,CENTRALNI,"Gradski ured za obrazovanje, sport i mlade",namjenska građevina,DA,DA,DA,"engleski, njemački"
15.873631066,45.8169987300001,23,GAJNICE,Ulica kerestinečkih žrtava 59,PODSUSED-VRAPČE,01 345 4066,,vrtic-gajnice@zagreb.hr,,Gradski vrtić,PODRUČNI,"Gradski ured za obrazovanje, sport i mlade",namjenska građevina,NE,DA,DA,engleski
15.878093123,45.8184573770001,24,GAJNICE,Peruanska ulica 1,PODSUSED-VRAPČE,01 345 0041,,vrtic-gajnice@zagreb.hr,,Gradski vrtić,PODRUČNI,"Gradski ured za obrazovanje, sport i mlade",namjenska građevina,NE,NE,DA,engleski
15.840596201,45.81729497,25,GAJNICE,Blanje 17,PODSUSED-VRAPČE,01 349 1761,,vrtic-gajnice@zagreb.hr,,Gradski vrtić,PODRUČNI,"Gradski ured za obrazovanje, sport i mlade",namjenska građevina,NE,NE,DA,
15.840901715,45.817347839,26,GAJNICE,Blanje 19,PODSUSED-VRAPČE,01 349 0447,,vrtic-gajnice@zagreb.hr,,Gradski vrtić,PODRUČNI,"Gradski ured za obrazovanje, sport i mlade",prenamiijenjena kuća,NE,NE,DA,engleski
15.9188786030001,45.7983115060001,27,GRIGORA VITEZA,Ratarska ulica 5,TREŠNJEVKA-SJEVER,"01 386 0933, 01 386 2089","01 386 0933, 01 386 2089",vrtic-grigoraviteza@zagreb.hr,www.vrtic-grigoraviteza.zagreb.hr,Gradski vrtić,CENTRALNI,"Gradski ured za obrazovanje, sport i mlade",namjenska građevina,DA,DA,DA,engleski
15.919802093,45.792499725,28,GRIGORA VITEZA,Ožujska ulica 10A,TREŠNJEVKA-JUG,01 387 2045,,vrtic-grigoraviteza@zagreb.hr,,Gradski vrtić,PODRUČNI,"Gradski ured za obrazovanje, sport i mlade",namjenska građevina,NE,DA,DA,
15.920962413,45.7924519840001,29,GRIGORA VITEZA,Ožujska ulica 13,TREŠNJEVKA-JUG,01 387 3258,,vrtic-grigoraviteza@zagreb.hr,,Gradski vrtić,PODRUČNI,"Gradski ured za obrazovanje, sport i mlade",prenamijenjeni stan,NE,DA,NE,
15.9204183730001,45.79358882,30,GRIGORA VITEZA,Rujanska ulica 21,TREŠNJEVKA-JUG,01 387 3552,,vrtic-grigoraviteza@zagreb.hr,,Gradski vrtić,PODRUČNI,"Gradski ured za obrazovanje, sport i mlade",prenamijenjeni stan,NE,NE,DA,
15.920192231,45.7978070950001,31,GRIGORA VITEZA,Rudeška cesta 71,TREŠNJEVKA-SJEVER,01 381 6186,,vrtic-grigoraviteza@zagreb.hr,,Gradski vrtić,PODRUČNI,"Gradski ured za obrazovanje, sport i mlade",prenamiijenjena kuća,NE,NE,DA,
15.9199912350001,45.7939445920001,32,GRIGORA VITEZA,Rujanska ulica 4,TREŠNJEVKA-JUG,01 387 3587,,vrtic-grigoraviteza@zagreb.hr,,Gradski vrtić,PODRUČNI,"Gradski ured za obrazovanje, sport i mlade",prenamijenjeni stan,NE,NE,NE,
15.8906643890001,45.7473781890001,33,HRVATSKI LESKOVAC,"Potočna ulica 9, Hrvatski Leskovac",NOVI ZAGREB-ZAPAD,01 657 8039,01 653 6107,vrtic-hrvatskileskovac@zagreb.hr,www.vrtic-hrvatskileskovac.zagreb.hr,Gradski vrtić,CENTRALNI,"Gradski ured za obrazovanje, sport i mlade",namjenska građevina,DA,DA,DA,engleski
15.932896681,45.766658776,34,HRVATSKI LESKOVAC,Karlovačka cesta 65H,NOVI ZAGREB-ZAPAD,01 614 1809,01 614 1812,vrtic-hrvatskileskovac@zagreb.hr,,Gradski vrtić,PODRUČNI,"Gradski ured za obrazovanje, sport i mlade",namjenska građevina,NE,DA,DA,
15.879491424,45.760944065,35,HRVATSKI LESKOVAC,"Hrastovička ulica 1A, Lučko",NOVI ZAGREB-ZAPAD,01 644 7430,01 644 7431,vrtic-hrvatskileskovac@zagreb.hr,,Gradski vrtić,PODRUČNI,"Gradski ured za obrazovanje, sport i mlade",namjenska građevina,NE,DA,DA,
15.9100247430001,45.7257751930001,36,HRVATSKI LESKOVAC,"Brezovička cesta 98, Brezovica",BREZOVICA,01 653 7966,01 653 8142,vrtic-hrvatskileskovac@zagreb.hr,,Gradski vrtić,PODRUČNI,"Gradski ured za obrazovanje, sport i mlade",prenamijenjeni stan,NE,NE,DA,engleski
16.042150448,45.8230273300001,37,IVANE BRLIĆ MAŽURANIĆ,Cerska ulica 22,DONJA DUBRAVA,01 291 0519,01 291 0549,vrtic-ivanebrlicmazuranic@zagreb.hr,www.vrtic-ivanebrlicmazuranic.zagreb.hr,Gradski vrtić,CENTRALNI,"Gradski ured za obrazovanje, sport i mlade",namjenska građevina,DA,NE,DA,engleski
16.0485533180001,45.825708456,38,IVANE BRLIĆ MAŽURANIĆ,Kapucinska ulica  20,DONJA DUBRAVA,01 285 1380,,vrtic-ivanebrlicmazuranic@zagreb.hr,,Gradski vrtić,PODRUČNI,"Gradski ured za obrazovanje, sport i mlade",prenamiijenjena kuća,NE,NE,DA,engleski
16.0481497320001,45.822984897,39,IVANE BRLIĆ MAŽURANIĆ,Berečka ulica 3,DONJA DUBRAVA,01 285 1686,,vrtic-ivanebrlicmazuranic@zagreb.hr,,Gradski vrtić,PODRUČNI,"Gradski ured za obrazovanje, sport i mlade",prenamiijenjena kuća,NE,NE,DA,
15.9867034100001,45.798890887,40,ISKRICA,Kruge 3,TRNJE,01 615 6955,01 611 3798,vrtic-iskrica@zagreb.hr,www.vrtic-iskrica.zagreb.hr,Gradski vrtić,CENTRALNI,"Gradski ured za obrazovanje, sport i mlade",namjenska građevina,DA,DA,DA,"engleski, njemački"
15.984565004,45.7963799140001,41,ISKRICA,Trg kardinala Franje Šepera 6,TRNJE,01 615 7832,,vrtic-iskrica@zagreb.hr,,Gradski vrtić,PODRUČNI,"Gradski ured za obrazovanje, sport i mlade",namjenska građevina,NE,NE,DA,engleski
16.061054819,45.8140387030001,42,JABUKA,Resnički put 88,DONJA DUBRAVA,01 299 5312,01 292 3880,vrtic.jabuka@zagreb.hr,www.vrtic-jabuka.zagreb.hr,Gradski vrtić,CENTRALNI,"Gradski ured za obrazovanje, sport i mlade",namjenska građevina,DA,DA,DA,njemački
16.087301165,45.802691119,44,JABUKA,V. Resnik 1A,PEŠČENICA-ŽITNJAK,01 205 6815,,vrtic.jabuka@zagreb.hr,,Gradski vrtić,PODRUČNI,"Gradski ured za obrazovanje, sport i mlade",prenamijenjeni stan,NE,NE,DA,engleski
15.9251252290001,45.7839365200001,46,JARUN,Bartolići 39A,TREŠNJEVKA-JUG,01 365 9800,01 365 9801,vrtic.jarun@zagreb.hr,www.vrtic-jarun.zagreb.hr,Gradski vrtić,CENTRALNI,"Gradski ured za obrazovanje, sport i mlade",namjenska građevina,DA,DA,DA,engleski
15.9325045750001,45.788307655,47,JARUN,Ulica Martina Pušteka 14,TREŠNJEVKA-JUG,01 363 9762,,vrtic.jarun@zagreb.hr,,Gradski vrtić,PODRUČNI,"Gradski ured za obrazovanje, sport i mlade",namjenska građevina,DA,DA,DA,engleski
15.9299611170001,45.7854366010001,48,JARUN,Ulica Ante Pandakovića 2,TREŠNJEVKA-JUG,01 383 2639,,vrtic.jarun@zagreb.hr,,Gradski vrtić,PODRUČNI,"Gradski ured za obrazovanje, sport i mlade",namjenska građevina,NE,DA,DA,njemački
15.92985923,45.7904476140001,49,JARUN,Hrgovići 20,TREŠNJEVKA-JUG,01 363 6376,,vrtic.jarun@zagreb.hr,,Gradski vrtić,PODRUČNI,"Gradski ured za obrazovanje, sport i mlade",prenamiijenjena kuća,NE,NE,DA,
15.9323256810001,45.786241187,50,JARUN,Ulica Antuna Stipančića 12,TREŠNJEVKA-JUG,01 363 5890,,vrtic.jarun@zagreb.hr,,Gradski vrtić,PODRUČNI,"Gradski ured za obrazovanje, sport i mlade",prenamijenjeni stan,NE,NE,NE,
15.934089811,45.7890541620001,51,JARUN,Ulica Hrvoja Macanovića 5A,TREŠNJEVKA-JUG,01 301 1122,,vrtic.jarun@zagreb.hr,,Gradski vrtić,PODRUČNI,"Gradski ured za obrazovanje, sport i mlade",prenamiijenjena kuća,NE,NE,DA,
15.929431317,45.7859966010001,52,JARUN,Hrgovići 63,TREŠNJEVKA-JUG,01 383 0209,,vrtic.jarun@zagreb.hr,,Gradski vrtić,PODRUČNI,"Gradski ured za obrazovanje, sport i mlade",prenamijenjeni stan,NE,NE,NE,
16.057341503,45.850843942,53,KOLIBRI,Ruščenica 19,GORNJA DUBRAVA,01 298 4097,01 298 4097,vrtic-kolibri@zagreb.hr,www.vrtic-kolibri.zagreb.hr,Gradski vrtić,CENTRALNI,"Gradski ured za obrazovanje, sport i mlade",namjenska građevina,DA,NE,DA,engleski
16.0393423580001,45.8630452730001,54,KOLIBRI,Miroševečka cesta 89,GORNJA DUBRAVA,01 298 0954,,vrtic-kolibri@zagreb.hr,,Gradski vrtić,PODRUČNI,"Gradski ured za obrazovanje, sport i mlade",namjenska građevina,NE,DA,DA,engleski
16.081926858,45.853969815,55,KOLIBRI,Novoselečki put 181,GORNJA DUBRAVA,01 298 4474,,vrtic-kolibri@zagreb.hr,,Gradski vrtić,PODRUČNI,"Gradski ured za obrazovanje, sport i mlade",namjenska građevina,NE,NE,DA,engleski
15.9591397940001,45.8124167940001,56,KRIJESNICE,Krajiška ulica 7A,DONJI GRAD,01 377 0933,01 377 0933,vrtic.krijesnice@zagreb.hr,www.vrtic.krijesnice.zagreb.hr,Gradski vrtić,CENTRALNI,"Gradski ured za obrazovanje, sport i mlade",namjenska građevina,NE,NE,DA,engleski
15.9601112080001,45.811451139,57,KRIJESNICE,Kordunska ulica 1,DONJI GRAD,01 377 1497,,vrtic.krijesnice@zagreb.hr,,Gradski vrtić,PODRUČNI,"Gradski ured za obrazovanje, sport i mlade",namjenska građevina,NE,NE,DA,
15.9596801710001,45.8114769050001,58,KRIJESNICE,Kordunska ulica 7,DONJI GRAD,01 370 4802,,vrtic.krijesnice@zagreb.hr,,Gradski vrtić,PODRUČNI,"Gradski ured za obrazovanje, sport i mlade",namjenska građevina,NE,NE,DA,
15.9210536840001,45.8098583010001,59,KUSTOŠIJA,Ulica Stjepana Pasanca 5,STENJEVEC,01 386 0694,01 386 0694,vrtic.kustosija@zagreb.hr,www.vrtic-kustosija.zagreb.hr,Gradski vrtić,CENTRALNI,"Gradski ured za obrazovanje, sport i mlade",namjenska građevina,DA,DA,DA,engleski
15.912111612,45.7894931480001,60,KUSTOŠIJA,Palinovečka ulica  40,TREŠNJEVKA-JUG,01 644 6561,01 644 6562,vrtic.kustosija@zagreb.hr,,Gradski vrtić,PODRUČNI,"Gradski ured za obrazovanje, sport i mlade",namjenska građevina,DA,DA,DA,"engleski, njemački"
16.116015997,45.828483228,61,LEPTIR,"Ulica Ivana Gorana Kovačića 20, Sesvete",SESVETE,01 200 2321,01 556 6518,vrtic.leptir@zagreb.hr,www.vrtic-leptir.zagreb.hr,Gradski vrtić,CENTRALNI,"Gradski ured za obrazovanje, sport i mlade",namjenska građevina,DA,DA,DA,engleski
16.0917165270001,45.821343531,62,LEPTIR,"Sopnička ulica 69, Sesvete",SESVETE,01 205 6880,,vrtic.leptir@zagreb.hr,,Gradski vrtić,PODRUČNI,"Gradski ured za obrazovanje, sport i mlade",prenamiijenjena kuća,NE,NE,DA,engleski
16.1164355220001,45.830366821,63,LEPTIR,"Varaždinska cesta 42, Sesvete",SESVETE,01 205 8817,,vrtic.leptir@zagreb.hr,,Gradski vrtić,PODRUČNI,"Gradski ured za obrazovanje, sport i mlade",prenamiijenjena kuća,NE,NE,DA,
16.110746512,45.8272828010001,64,LEPTIR,"Trg Dragutina Domjanića 10, Sesvete",SESVETE,01 201 2535,,vrtic.leptir@zagreb.hr,,Gradski vrtić,PODRUČNI,"Gradski ured za obrazovanje, sport i mlade",prenamiijenjena kuća,NE,NE,DA,engleski
16.0241192230001,45.8182044800001,65,MAKSIMIR,Aleja Antuna Augustinčića 4,MAKSIMIR,01 231 4976,01 231 5712,vrtic.maksimir@zagreb.hr,www.vrtic-maksimir.zagreb.hr,Gradski vrtić,CENTRALNI,"Gradski ured za obrazovanje, sport i mlade",namjenska građevina,DA,DA,DA,"engleski, talijanski"
16.023449134,45.8182106990001,66,MAKSIMIR,Aleja Antuna Augustinčića 2,MAKSIMIR,,,vrtic.maksimir@zagreb.hr,,Gradski vrtić,PODRUČNI,"Gradski ured za obrazovanje, sport i mlade",namjenska građevina,NE,NE,DA,
16.0284200790001,45.8204021270001,67,MAKSIMIR,Ravnice 4,MAKSIMIR,01 232 3391,,vrtic.maksimir@zagreb.hr,,Gradski vrtić,PODRUČNI,"Gradski ured za obrazovanje, sport i mlade",namjenska građevina,NE,DA,DA,
15.8993023470001,45.8095243980001,68,MALEŠNICA,Dolovska ulica 27,STENJEVEC,01 373 1700,01 373 1700,vrtic-malesnica@zagreb.hr,,Gradski vrtić,PODRUČNI,"Gradski ured za obrazovanje, sport i mlade",prenamijenjeni stan,NE,NE,DA,engleski
15.904480994,45.8036583800001,69,MALEŠNICA,Ulica Dobriše Cesarića 4 ,STENJEVEC,01 348 0210,01 348 0211,vrtic-malesnica@zagreb.hr,,Gradski vrtić,PODRUČNI,"Gradski ured za obrazovanje, sport i mlade",namjenska građevina,DA,DA,DA,engleski
15.9990830190001,45.8195937080001,70,MALI PRINC,Laščinska cesta 17,MAKSIMIR,01 243 1460,01 243 1460,vrtic.maliprinc@zagreb.hr,www.vrtic-maliprinc.zagreb.hr,Gradski vrtić,CENTRALNI,"Gradski ured za obrazovanje, sport i mlade",namjenska građevina,DA,NE,DA,engleski
15.9991109760001,45.831084817,71,MALI PRINC,Rebar 31,MAKSIMIR,01 234 7138,,vrtic.maliprinc@zagreb.hr,,Gradski vrtić,PODRUČNI,"Gradski ured za obrazovanje, sport i mlade",namjenska građevina,NE,DA,DA,engleski
16.006132107,45.819692418,72,MALI PRINC,Jordanovac 23,MAKSIMIR,01 232 1070,,vrtic.maliprinc@zagreb.hr,,Gradski vrtić,PODRUČNI,"Gradski ured za obrazovanje, sport i mlade",namjenska građevina,NE,NE,DA,engleski
16.0160739770001,45.875594333,73,MARKUŠEVEC,Štefanovec 172,PODSLJEME,01 457 4793,01 457 4810,vrtic.markusevec@zagreb.hr,www.vrtic-markuševec.zagreb.hr,Gradski vrtić,CENTRALNI,"Gradski ured za obrazovanje, sport i mlade",namjenska građevina,NE,DA,DA,engleski
16.0284509730001,45.8921892340001,74,MARKUŠEVEC,Bidrovečka cesta 30,PODSLJEME,01 298 0741,,vrtic.markusevec@zagreb.hr,,Gradski vrtić,PODRUČNI,"Gradski ured za obrazovanje, sport i mlade",prenamiijenjena kuća,NE,NE,DA,
15.995712514,45.8656778370001,75,MARKUŠEVEC,Markuševečka cesta 38,PODSLJEME,01 457 4876,,vrtic.markusevec@zagreb.hr,,Gradski vrtić,PODRUČNI,"Gradski ured za obrazovanje, sport i mlade",prenamijenjeni stan,NE,NE,DA,
16.0150312270001,45.8767900450001,76,MARKUŠEVEC,Brežovanka 2A,PODSLJEME,01 457 4424,,vrtic.markusevec@zagreb.hr,,Gradski vrtić,PODRUČNI,"Gradski ured za obrazovanje, sport i mlade",prenamijenjeni stan,NE,NE,DA,
16.118925141,45.8356040190001,77,MARKUŠEVEC,"Ulica Vladimira Vidrića 12, Sesvete",SESVETE,01 202 0403,01 201 2574,vrtic.markusevec@zagreb.hr,,Gradski vrtić,PODRUČNI,"Gradski ured za obrazovanje, sport i mlade",prenamiijenjena kuća,DA,DA,DA,engleski
15.945866622,45.79204136,78,MATIJE GUPCA,Ulica Braće Cvijića 18,TREŠNJEVKA-JUG,01 383 6469,01 383 6509,vrtic-matijegupca@zagreb.hr,www.vrtic-matijegupca.zagreb.hr,Gradski vrtić,CENTRALNI,"Gradski ured za obrazovanje, sport i mlade",namjenska građevina,DA,NE,DA,engleski
15.9207017100001,45.7979865790001,79,MATIJE GUPCA,Dugavska ulica 3,TREŠNJEVKA-SJEVER,01 381 6183,,vrtic-matijegupca@zagreb.hr,,Gradski vrtić,PODRUČNI,"Gradski ured za obrazovanje, sport i mlade",namjenska građevina,NE,NE,DA,engleski
15.952936235,45.787889744,80,MATIJE GUPCA,Horvaćanska cesta 6A,TREŠNJEVKA-JUG,01 383 8871,,vrtic-matijegupca@zagreb.hr,,Gradski vrtić,PODRUČNI,"Gradski ured za obrazovanje, sport i mlade",namjenska građevina,NE,NE,DA,engleski
15.951650177,45.7940045490001,81,MATIJE GUPCA,Zagrebačka avenija 5A,TREŠNJEVKA-JUG,01 383 6569,,vrtic-matijegupca@zagreb.hr,,Gradski vrtić,PODRUČNI,"Gradski ured za obrazovanje, sport i mlade",namjenska građevina,NE,NE,DA,engleski
16.0637157420001,45.8290116470001,82,MEDO BRUNDO,Dubrava 185,GORNJA DUBRAVA,01 285 3993,01 298 9852,vrtic.medobrundo@zagreb.hr,www.vrtic-medobrundo.zagreb.hr,Gradski vrtić,CENTRALNI,"Gradski ured za obrazovanje, sport i mlade",namjenska građevina,DA,DA,DA,njemački
16.0643446060001,45.828832199,83,MEDO BRUNDO,Dubrava 205,GORNJA DUBRAVA,01 285 1046,,vrtic.medobrundo@zagreb.hr,,Gradski vrtić,PODRUČNI,"Gradski ured za obrazovanje, sport i mlade",prenamiijenjena kuća,NE,NE,DA,
16.067342984,45.8274767170001,84,MEDO BRUNDO,Aleja lipa 1F,DONJA DUBRAVA,01 286 4524,,vrtic.medobrundo@zagreb.hr,,Gradski vrtić,PODRUČNI,"Gradski ured za obrazovanje, sport i mlade",prenamijenjeni stan,NE,NE,NE,engleski
16.0667827290001,45.8284879400001,85,MEDO BRUNDO,Dubrava 230,DONJA DUBRAVA,01 292 0543,,vrtic.medobrundo@zagreb.hr,,Gradski vrtić,PODRUČNI,"Gradski ured za obrazovanje, sport i mlade",prenamijenjeni stan,NE,NE,NE,
15.9878664890001,45.8178682980001,86,MEDVEŠČAK,Voćarska cesta 69,GORNJI GRAD-MEDVEŠČAK,01 461 6247,01 463 5835,vrtic.medvescak@zagreb.hr,www.vrtic-medvescak.zagreb.hr,Gradski vrtić,CENTRALNI,"Gradski ured za obrazovanje, sport i mlade",namjenska građevina,DA,DA,DA,engleski
15.9919831350001,45.814045633,87,MEDVEŠČAK,Vlaška ulica 97,GORNJI GRAD-MEDVEŠČAK,01 463 5161,,vrtic.medvescak@zagreb.hr,,Gradski vrtić,PODRUČNI,"Gradski ured za obrazovanje, sport i mlade",namjenska građevina,NE,DA,DA,
15.9913316720001,45.812149026,88,MEDVEŠČAK,Ulica Koste Vojnovića 15,DONJI GRAD,01 455 5124,,vrtic.medvescak@zagreb.hr,,Gradski vrtić,PODRUČNI,"Gradski ured za obrazovanje, sport i mlade",prenamijenjeni stan,NE,NE,NE,
15.991355189,45.811869657,89,MEDVEŠČAK,Ulica Koste Vojnovića 19,DONJI GRAD,01 455 4944,,vrtic.medvescak@zagreb.hr,,Gradski vrtić,PODRUČNI,"Gradski ured za obrazovanje, sport i mlade",prenamijenjeni stan,NE,NE,NE,
15.987896876,45.8121808330001,90,MEDVEŠČAK,Martićeva ulica 14B,DONJI GRAD,01 461 5050,,vrtic.medvescak@zagreb.hr,,Gradski vrtić,PODRUČNI,"Gradski ured za obrazovanje, sport i mlade",namjenska građevina,NE,NE,DA,engleski
15.990549425,45.8158802290001,91,MEDVEŠČAK,Jurkovićeva ulica 14,GORNJI GRAD-MEDVEŠČAK,01 463 3140,,vrtic.medvescak@zagreb.hr,,Gradski vrtić,PODRUČNI,"Gradski ured za obrazovanje, sport i mlade",prenamiijenjena kuća,NE,DA,DA,engleski
16.0093419880001,45.7938142610001,92,MILANA SACHSA,Sachsova ulica 5,PEŠČENICA-ŽITNJAK,01 614 4891,01 614 4893,vrtic.milanasachsa@zagreb.hr,www.vrtic-milanasachsa.zagreb.hr,Gradski vrtić,CENTRALNI,"Gradski ured za obrazovanje, sport i mlade",namjenska građevina,DA,DA,DA,engleski
16.0114760340001,45.7916112520001,93,MILANA SACHSA,Prilaz Safvet-bega Bašagića 1,PEŠČENICA-ŽITNJAK,01 613 1280,,vrtic.milanasachsa@zagreb.hr,,Gradski vrtić,PODRUČNI,"Gradski ured za obrazovanje, sport i mlade",prenamijenjeni stan,NE,NE,DA,engleski
16.016736974,45.7882690980001,94,MILANA SACHSA,Velikogorička ulica 27,PEŠČENICA-ŽITNJAK,01 240 7330,,vrtic.milanasachsa@zagreb.hr,,Gradski vrtić,PODRUČNI,"Gradski ured za obrazovanje, sport i mlade",prenamijenjeni stan,NE,NE,DA,engleski
16.0497458310001,45.8357229870001,95,PČELICA,Ulica Josipa Hamma 2,GORNJA DUBRAVA,01 299 0506,01 293 2677,vrtic.pcelica@zagreb.hr,www.vrtic-pcelica.zagreb.hr,Gradski vrtić,CENTRALNI,"Gradski ured za obrazovanje, sport i mlade",namjenska građevina,DA,DA,DA,engleski
16.066234342,45.826695246,96,PČELICA,Aleja lipa 1,DONJA DUBRAVA,01 285 1604,,vrtic.pcelica@zagreb.hr,,Gradski vrtić,PODRUČNI,"Gradski ured za obrazovanje, sport i mlade",namjenska građevina,NE,NE,DA,engleski
16.0450856040001,45.827976666,97,PČELICA,Trepčanska ulica 10,GORNJA DUBRAVA,01 285 1217,,vrtic.pcelica@zagreb.hr,,Gradski vrtić,PODRUČNI,"Gradski ured za obrazovanje, sport i mlade",prenamiijenjena kuća,NE,NE,DA,
15.9304233620001,45.812983053,98,PETAR PAN,Španovićeva ulica 18,ČRNOMEREC,01 375 0330,01 370 1126,vrtic.petarpan@zagreb.hr,www.vrtic-petarpan.zagreb.hr,Gradski vrtić,CENTRALNI,"Gradski ured za obrazovanje, sport i mlade",namjenska građevina,DA,NE,DA,engleski
15.943223538,45.8154256510001,99,PETAR PAN,Kuniščak 7,ČRNOMEREC,01 370 0798,,vrtic.petarpan@zagreb.hr,,Gradski vrtić,PODRUČNI,"Gradski ured za obrazovanje, sport i mlade",prenamiijenjena kuća,NE,NE,DA,engleski
15.9461984650001,45.8126744090001,100,PETAR PAN,Ilica 230,ČRNOMEREC,01 377 5183,,vrtic.petarpan@zagreb.hr,,Gradski vrtić,PODRUČNI,"Gradski ured za obrazovanje, sport i mlade",prenamijenjeni stan,NE,NE,DA,
15.9524461030001,45.8113954980001,101,PETAR PAN,Slovenska ulica 13,ČRNOMEREC,01 377 7527,,vrtic.petarpan@zagreb.hr,,Gradski vrtić,PODRUČNI,"Gradski ured za obrazovanje, sport i mlade",prenamijenjeni stan,NE,NE,NE,
15.918756391,45.82293946,103,PETAR PAN,Lendavska ulica 7,ČRNOMEREC,"01 400 4690, 01 400 4691",,vrtic.petarpan@zagreb.hr,,Gradski vrtić,PODRUČNI,"Gradski ured za obrazovanje, sport i mlade",namjenska građevina,NE,NE,DA,engleski
16.060287725,45.8365555870001,104,POLETARAC,Ulica Vile Velebita 18,GORNJA DUBRAVA,01 285 7772,01 285 7772,vrtic-poletarac@zagreb.hr,www.vrtic-poletarac.zagreb.hr,Gradski vrtić,CENTRALNI,"Gradski ured za obrazovanje, sport i mlade",namjenska građevina,DA,DA,DA,engleski
16.0573829890001,45.8377721360001,105,POLETARAC,Ulica Zvonimira Ljevakovića 8,GORNJA DUBRAVA,01 285 3880,,vrtic-poletarac@zagreb.hr,,Gradski vrtić,PODRUČNI,"Gradski ured za obrazovanje, sport i mlade",prenamijenjeni stan,NE,NE,NE,engleski
16.0574048280001,45.8386058770001,106,POLETARAC,Ulica Zvonimira Ljevakovića 20,GORNJA DUBRAVA,01 298 7887,,vrtic-poletarac@zagreb.hr,,Gradski vrtić,PODRUČNI,"Gradski ured za obrazovanje, sport i mlade",prenamijenjeni stan,NE,NE,NE,
16.057431423,45.8394406260001,107,POLETARAC,Ulica Zvonimira Ljevakovića 32,GORNJA DUBRAVA,01 298 7224,,vrtic-poletarac@zagreb.hr,,Gradski vrtić,PODRUČNI,"Gradski ured za obrazovanje, sport i mlade",prenamijenjeni stan,NE,NE,NE,
15.9580974400001,45.7986285060001,108,POTOČNICA,Ulica grada Vukovara 18A,TREŠNJEVKA-SJEVER,01 309 6438,01 309 6439,vrtic.potocnica@zagreb.hr,www.vrtic-potocnica.zagreb.hr,Gradski vrtić,CENTRALNI,"Gradski ured za obrazovanje, sport i mlade",namjenska građevina,DA,DA,DA,"engleski, mađarski"
15.9016209800001,45.7944239330001,109,PREČKO,Ulica Marijane Radev 1,TREŠNJEVKA-JUG,01 388 2207,01 387 9055,vrtic.precko@zagreb.hr,www.vrtic-precko.zagreb.hr,Gradski vrtić,CENTRALNI,"Gradski ured za obrazovanje, sport i mlade",namjenska građevina,DA,DA,DA,engleski
15.894824285,45.79267366,110,PREČKO,Jarnovićeva ulica 23,TREŠNJEVKA-JUG,01 388 2433,,vrtic.precko@zagreb.hr,,Gradski vrtić,PODRUČNI,"Gradski ured za obrazovanje, sport i mlade",namjenska građevina,NE,DA,DA,engleski
15.895004215,45.7955045680001,111,PREČKO,Tijardovićeva ulica 13,TREŠNJEVKA-JUG,01 388 1550,,vrtic.precko@zagreb.hr,,Gradski vrtić,PODRUČNI,"Gradski ured za obrazovanje, sport i mlade",namjenska građevina,NE,DA,DA,engleski
16.0390709530001,45.834321829,112,RADOST,Ljubijska ulica 79A,GORNJA DUBRAVA,01 285 1437,01 298 8573,vrtic.radost@zagreb.hr,www.vrtic-radost.zagreb.hr,Gradski vrtić,CENTRALNI,"Gradski ured za obrazovanje, sport i mlade",namjenska građevina,DA,DA,DA,"engleski, njemački"
16.044762425,45.8267600300001,113,RADOST,Ulica Hrvatskog proljeća 18,GORNJA DUBRAVA,01 298 8574,,vrtic.radost@zagreb.hr,,Gradski vrtić,PODRUČNI,"Gradski ured za obrazovanje, sport i mlade",namjenska građevina,NE,DA,DA,
16.0453715680001,45.8269679680001,114,RADOST,Ulica Hrvatskog proljeća 20,GORNJA DUBRAVA,01 298 8574,,vrtic.radost@zagreb.hr,,Gradski vrtić,PODRUČNI,"Gradski ured za obrazovanje, sport i mlade",namjenska građevina,NE,DA,DA,engleski
16.045991567,45.827170906,115,RADOST,Ulica Hrvatskog proljeća 22,GORNJA DUBRAVA,01 298 8574,,vrtic.radost@zagreb.hr,,Gradski vrtić,PODRUČNI,"Gradski ured za obrazovanje, sport i mlade",namjenska građevina,NE,DA,DA,
15.9806110700001,45.8102869900001,116,RAZLIČAK,Wellerov vrt 1,DONJI GRAD,01 487 3283,01 487 0520,vrtic-razlicak@zagreb.hr,www.vrtic-razlicak.zagreb.hr,Gradski vrtić,CENTRALNI,"Gradski ured za obrazovanje, sport i mlade",namjenska građevina,DA,DA,DA,
15.9572239620001,45.852659724,117,RAZLIČAK,Podrebernica 15,PODSLJEME,01 467 4774,,vrtic-razlicak@zagreb.hr,,Gradski vrtić,PODRUČNI,"Gradski ured za obrazovanje, sport i mlade",namjenska građevina,NE,DA,DA,engleski
15.9776702080001,45.8185081450001,118,RAZLIČAK,Kaptol 16,GORNJI GRAD-MEDVEŠČAK,01 481 7457,,vrtic-razlicak@zagreb.hr,,Gradski vrtić,PODRUČNI,"Gradski ured za obrazovanje, sport i mlade",namjenska građevina,NE,NE,DA,engleski
15.9824360700001,45.811692023,119,RAZLIČAK,Jurišićeva ulica 24/2,DONJI GRAD,01 481 0636,,vrtic-razlicak@zagreb.hr,,Gradski vrtić,PODRUČNI,"Gradski ured za obrazovanje, sport i mlade",namjenska građevina,NE,NE,DA,
15.9784303220001,45.8220817320001,120,RAZLIČAK,Nova Ves 36,GORNJI GRAD-MEDVEŠČAK,01 466 6766,,vrtic-razlicak@zagreb.hr,,Gradski vrtić,PODRUČNI,"Gradski ured za obrazovanje, sport i mlade",prenamijenjeni stan,NE,NE,DA,engleski
15.981131197,45.8115975650001,121,RAZLIČAK,Ulica Milana Amruša 10/1,DONJI GRAD,01 492 2708,,vrtic-razlicak@zagreb.hr,,Gradski vrtić,PODRUČNI,"Gradski ured za obrazovanje, sport i mlade",namjenska građevina,NE,NE,DA,
15.9499610290001,45.774857603,122,REMETINEC,Lanište 1D,NOVI ZAGREB-ZAPAD,01 614 0022,01 659 4427,vrtic-remetinec@zagreb.hr,www.vrtic-remetinec.zagreb.hr,Gradski vrtić,CENTRALNI,"Gradski ured za obrazovanje, sport i mlade",namjenska građevina,DA,DA,DA,engleski
15.956212373,45.7754253370001,123,REMETINEC,Nehruov trg 34A,NOVI ZAGREB-ZAPAD,01 653 6433,,vrtic-remetinec@zagreb.hr,,Gradski vrtić,PODRUČNI,"Gradski ured za obrazovanje, sport i mlade",namjenska građevina,NE,DA,DA,engleski
15.945932213,45.77051684,124,REMETINEC,Ulica Vice Vukova 9,NOVI ZAGREB-ZAPAD,01 614 0129,,vrtic-remetinec@zagreb.hr,,Gradski vrtić,PODRUČNI,"Gradski ured za obrazovanje, sport i mlade",namjenska građevina,NE,DA,DA,engleski
15.994989165,45.7930407040001,125,SAVICA,Ulica Vladimira Ruždjaka 7,TRNJE,01 615 1327,01 615 1332,vrtic.savica@zagreb.hr,www.vrtic-savica.zagreb.hr,Gradski vrtić,CENTRALNI,"Gradski ured za obrazovanje, sport i mlade",namjenska građevina,DA,DA,DA,engleski
15.9943467530001,45.78970321,126,SAVICA,Ulica Vladimira Ruždjaka 22,TRNJE,01 614 8001,,vrtic.savica@zagreb.hr,,Gradski vrtić,PODRUČNI,"Gradski ured za obrazovanje, sport i mlade",namjenska građevina,NE,DA,DA,engleski
16.109128361,45.82964409,127,SESVETE,"Ulica Ive Tijardovića 9, Sesvete",SESVETE,01 202 2720,01 200 0203,vrtic.sesvete@zagreb.hr,www.vrtic-sesvete.zagreb.hr,Gradski vrtić,CENTRALNI,"Gradski ured za obrazovanje, sport i mlade",namjenska građevina,DA,DA,DA,engleski
16.091730399,45.829938849,128,SESVETE,"Ulica Potočnica 6, Sesvete",SESVETE,01 201 3122,,vrtic.sesvete@zagreb.hr,,Gradski vrtić,PODRUČNI,"Gradski ured za obrazovanje, sport i mlade",namjenska građevina,DA,NE,DA,engleski
16.1121257560001,45.8970626280001,129,SESVETE,"Prigorska ulica 59, Prekvršje",SESVETE,01 204 4007,,vrtic.sesvete@zagreb.hr,,Gradski vrtić,PODRUČNI,"Gradski ured za obrazovanje, sport i mlade",namjenska građevina,NE,NE,DA,engleski
16.0969097830001,45.8301545620001,130,SESVETE,"Brestovečka ulica 10, Brestje",SESVETE,01 200 0344,,vrtic.sesvete@zagreb.hr,,Gradski vrtić,PODRUČNI,"Gradski ured za obrazovanje, sport i mlade",prenamiijenjena kuća,NE,NE,DA,
16.094147767,45.8294761500001,131,SESVETE,"Ulica Jerolima Miše 24, Sesvete",SESVETE,01 204 9275,,vrtic.sesvete@zagreb.hr,,Gradski vrtić,PODRUČNI,"Gradski ured za obrazovanje, sport i mlade",prenamiijenjena kuća,NE,NE,DA,
16.1117555060001,45.8762765650001,132,SESVETE,"Ulica Augusta Šenoe 26A, Vugrovec",SESVETE,01 645 4996,,vrtic.sesvete@zagreb.hr,,Gradski vrtić,PODRUČNI,"Gradski ured za obrazovanje, sport i mlade",namjenska građevina,NE,NE,DA,engleski
15.969425416,45.7746458760001,133,SIGET,Siget 12,NOVI ZAGREB-ZAPAD,01 652 1121,01 652 1121,vrtic-siget@zagreb.hr,www.vrtic-siget.zagreb.hr,Gradski vrtić,CENTRALNI,"Gradski ured za obrazovanje, sport i mlade",namjenska građevina,DA,DA,DA,"engleski, njemački, francuski"
15.974953117,45.772226651,134,SIGET,Aleja pomoraca 27,NOVI ZAGREB-ZAPAD,01 652 7475,,vrtic-siget@zagreb.hr,,Gradski vrtić,PODRUČNI,"Gradski ured za obrazovanje, sport i mlade",namjenska građevina,NE,DA,DA,engleski
15.9856249310001,45.776568684,135,SOPOT,Ulica Viktora Kovačića 18C,NOVI ZAGREB-ISTOK,01 667 9367,01 667 9367,tajnistvo@dv-sopot.hr,www.vrtic-sopot.zagreb.hr,Gradski vrtić,CENTRALNI,"Gradski ured za obrazovanje, sport i mlade",namjenska građevina,DA,DA,DA,engleski
15.986949726,45.774640789,136,SOPOT,Ostrogovićeva ulica 9,NOVI ZAGREB-ISTOK,01 668 5658,,tajnistvo@dv-sopot.hr,,Gradski vrtić,PODRUČNI,"Gradski ured za obrazovanje, sport i mlade",namjenska građevina,NE,DA,DA,engleski
15.9439085170001,45.789833818,137,SREDNJACI,Ulica Vladimira Filakovca 2,TREŠNJEVKA-JUG,01 384 2119,01 384 3058,vrtic.srednjaci@zagreb.hr,www.vrtic-srednjaci.zagreb.hr,Gradski vrtić,CENTRALNI,"Gradski ured za obrazovanje, sport i mlade",namjenska građevina,DA,DA,DA,engleski
15.9400794310001,45.7925883870001,138,SREDNJACI,I. Loparska 11,TREŠNJEVKA-JUG,01 384 2858,,vrtic.srednjaci@zagreb.hr,,Gradski vrtić,PODRUČNI,"Gradski ured za obrazovanje, sport i mlade",namjenska građevina,NE,NE,DA,engleski
16.0709550290001,45.829853911,139,SUNCE,Treće Poljanice 2,GORNJA DUBRAVA,01 292 2355,01 292 2355,vrtic.sunce@zagreb.hr,www.vrtic-sunce.zagreb.hr,Gradski vrtić,CENTRALNI,"Gradski ured za obrazovanje, sport i mlade",namjenska građevina,DA,DA,DA,engleski
16.078043673,45.831446666,140,SUNCE,Prominska ulica 1,GORNJA DUBRAVA,01 292 4612,,vrtic.sunce@zagreb.hr,,Gradski vrtić,PODRUČNI,"Gradski ured za obrazovanje, sport i mlade",namjenska građevina,DA,NE,DA,
15.9041296230001,45.7990505770001,141,SUNČANA,Dječji trg 2,STENJEVEC,01 386 7420,01 386 7429,vrtic.suncana@zagreb.hr,www.vrtic-suncana.zagreb.hr,Gradski vrtić,CENTRALNI,"Gradski ured za obrazovanje, sport i mlade",namjenska građevina,DA,DA,DA,
15.895435773,45.804235787,142,SUNČANA,Trg Ivana Kukuljevića 3,STENJEVEC,01 562 0617,,vrtic.suncana@zagreb.hr,,Gradski vrtić,PODRUČNI,"Gradski ured za obrazovanje, sport i mlade",prenamiijenjena kuća,NE,NE,DA,engleski
15.895401162,45.8045571910001,143,SUNČANA,Trg Ivana Kukuljevića 4,STENJEVEC,01 562 0616,,vrtic.suncana@zagreb.hr,,Gradski vrtić,PODRUČNI,"Gradski ured za obrazovanje, sport i mlade",prenamiijenjena kuća,NE,DA,DA,engleski
15.895300805,45.80517617,144,SUNČANA,Trg Ivana Kukuljevića 6,STENJEVEC,01 561 7768,,vrtic.suncana@zagreb.hr,,Gradski vrtić,PODRUČNI,"Gradski ured za obrazovanje, sport i mlade",prenamijenjeni stan,NE,NE,DA,
15.8966298020001,45.8039620820001,145,SUNČANA,Trg Ivana Kukuljevića 13,STENJEVEC,01 561 7769,,vrtic.suncana@zagreb.hr,,Gradski vrtić,PODRUČNI,"Gradski ured za obrazovanje, sport i mlade",prenamijenjeni stan,NE,NE,DA,
16.111563457,45.830588538,146,ŠEGRT HLAPIĆ,"Ulica Dobriše Cesarića 4, Sesvete",SESVETE,01 204 3960,01 204 3961,vrtic.segrthlapic@zagreb.hr,www.vrtic-segrthlapic.zagreb.hr,Gradski vrtić,CENTRALNI,"Gradski ured za obrazovanje, sport i mlade",namjenska građevina,DA,NE,DA,engleski
16.1298829570001,45.8252277380001,147,ŠEGRT HLAPIĆ,"Voćinska ulica 1, Sesvete",SESVETE,01 200 7541,,vrtic.segrthlapic@zagreb.hr,,Gradski vrtić,PODRUČNI,"Gradski ured za obrazovanje, sport i mlade",prenamiijenjena kuća,NE,DA,DA,engleski
16.170762649,45.8234988180001,149,ŠEGRT HLAPIĆ,"Ulica Augusta Šenoe 42, Sesvetski Kraljevec",SESVETE,01 204 7591,,vrtic.segrthlapic@zagreb.hr,,Gradski vrtić,PODRUČNI,"Gradski ured za obrazovanje, sport i mlade",namjenska građevina,NE,NE,NE,
16.182430868,45.811054314,150,ŠEGRT HLAPIĆ,"Ulica Dragutina Mitića 4, Sesvete",SESVETE,01 202 5003,,vrtic.segrthlapic@zagreb.hr,,Gradski vrtić,PODRUČNI,"Gradski ured za obrazovanje, sport i mlade",prenamijenjeni stan,DA,DA,DA,engleski
16.1697121080001,45.8230168270001,151,ŠEGRT HLAPIĆ,"Ulica Augusta Šenoe 50, Sesvetski Kraljevec",SESVETE,01 200 5376,,vrtic.segrthlapic@zagreb.hr,,Gradski vrtić,PODRUČNI,"Gradski ured za obrazovanje, sport i mlade",prenamijenjeni stan,NE,NE,NE,
15.8976736130001,45.8000894640001,152,ŠPANSKO,Špansko 11,STENJEVEC,01 389 7022,01 389 7028,vrtic.spansko@zagreb.hr,www.vrtic-spansko.zagreb.hr,Gradski vrtić,CENTRALNI,"Gradski ured za obrazovanje, sport i mlade",namjenska građevina,DA,DA,DA,
15.8976508050001,45.805453033,153,ŠPANSKO,Ulica Vida Došena 39,STENJEVEC,01 389 9126,,vrtic.spansko@zagreb.hr,,Gradski vrtić,PODRUČNI,"Gradski ured za obrazovanje, sport i mlade",prenamijenjeni stan,NE,NE,NE,
15.901520432,45.802722869,154,ŠPANSKO,Ulica Dobriše Cesarića 51,STENJEVEC,01 389 7585,,vrtic.spansko@zagreb.hr,,Gradski vrtić,PODRUČNI,"Gradski ured za obrazovanje, sport i mlade",prenamijenjeni stan,NE,NE,NE,
15.9091064880001,45.800671134,155,ŠPANSKO,VI. Oranički odvojak 4,STENJEVEC,01 386 5354,,vrtic.spansko@zagreb.hr,,Gradski vrtić,PODRUČNI,"Gradski ured za obrazovanje, sport i mlade",prenamijenjeni stan,NE,DA,DA,
15.894103999,45.8050621240001,156,ŠPANSKO,Hrnetićka ulica 1,STENJEVEC,01 389 0662,,vrtic.spansko@zagreb.hr,,Gradski vrtić,PODRUČNI,"Gradski ured za obrazovanje, sport i mlade",prenamiijenjena kuća,NE,DA,DA,
15.937232985,45.820204894,157,ŠUMSKA JAGODA,Sveti Duh 75,ČRNOMEREC,01 370 0732,01 375 6234,vrtic.sumskajagoda@zagreb.hr,www.vrtic-sumskajagoda.zagreb.hr,Gradski vrtić,CENTRALNI,"Gradski ured za obrazovanje, sport i mlade",namjenska građevina,DA,DA,DA,"engleski, njemački"
15.9408729350001,45.8187061610001,158,ŠUMSKA JAGODA,Sveti Duh 58,ČRNOMEREC,091 230 0830,,vrtic.sumskajagoda@zagreb.hr,,Gradski vrtić,PODRUČNI,"Gradski ured za obrazovanje, sport i mlade",namjenska građevina,NE,DA,DA,
15.928656097,45.845746746,159,ŠUMSKA JAGODA,Mikulići 133,ČRNOMEREC,091 230 0828,,vrtic.sumskajagoda@zagreb.hr,,Gradski vrtić,PODRUČNI,"Gradski ured za obrazovanje, sport i mlade",prenamijenjeni stan,NE,NE,DA,
15.939079652,45.8472944710001,160,ŠUMSKA JAGODA,Bijenik 164,ČRNOMEREC,091 230 0829,,vrtic.sumskajagoda@zagreb.hr,,Gradski vrtić,PODRUČNI,"Gradski ured za obrazovanje, sport i mlade",namjenska građevina,NE,DA,DA,engleski
15.9392977740001,45.821555738,161,ŠUMSKA JAGODA,Dunjevac 15,ČRNOMEREC,091 230 0834,,vrtic.sumskajagoda@zagreb.hr,,Gradski vrtić,PODRUČNI,"Gradski ured za obrazovanje, sport i mlade",namjenska građevina,NE,DA,DA,engleski
15.960698817,45.815399875,162,TATJANE MARINIĆ,Ulica Mihovila Pavlinovića 8,GORNJI GRAD-MEDVEŠČAK,01 376 0133,01 376 0132,vrtic.tatjanemarinic@zagreb.hr,www.vrtic-tatjanemarinic.zagreb.hr,Gradski vrtić,CENTRALNI,"Gradski ured za obrazovanje, sport i mlade",namjenska građevina,DA,DA,DA,"engleski, njemački"
15.972280475,45.815589011,163,TATJANE MARINIĆ,Ulica Antuna G. Matoša 7,GORNJI GRAD-MEDVEŠČAK,01 485 1085,,vrtic.tatjanemarinic@zagreb.hr,,Gradski vrtić,PODRUČNI,"Gradski ured za obrazovanje, sport i mlade",namjenska građevina,NE,DA,DA,njemački
15.9689408310001,45.8199094670001,164,TATJANE MARINIĆ,Ulica Ivana Gorana Kovačića 31,GORNJI GRAD-MEDVEŠČAK,01 483 4552,,vrtic.tatjanemarinic@zagreb.hr,,Gradski vrtić,PODRUČNI,"Gradski ured za obrazovanje, sport i mlade",prenamiijenjena kuća,NE,DA,DA,engleski
15.9983802200001,45.765917759,165,TRATINČICA,Ulica sv. Mateja 131,NOVI ZAGREB-ISTOK,01 660 0557,01 662 5061,vrtic.tratincica@zagreb.hr,www.vrtic-tratincica.zagreb.hr,Gradski vrtić,CENTRALNI,"Gradski ured za obrazovanje, sport i mlade",namjenska građevina,DA,DA,DA,engleski
15.9936288590001,45.7666534430001,166,TRATINČICA,Vajdin vijenac 2,NOVI ZAGREB-ISTOK,01 668 6933,,vrtic.tratincica@zagreb.hr,,Gradski vrtić,PODRUČNI,"Gradski ured za obrazovanje, sport i mlade",prenamijenjeni stan,NE,NE,NE,
15.992158272,45.765878215,167,TRATINČICA,Hribarov prilaz 2,NOVI ZAGREB-ISTOK,01 668 7802,,vrtic.tratincica@zagreb.hr,,Gradski vrtić,PODRUČNI,"Gradski ured za obrazovanje, sport i mlade",prenamijenjeni stan,NE,NE,NE,
15.995364104,45.7625638700001,168,TRATINČICA,Ulica sv. Mateja 55,NOVI ZAGREB-ISTOK,01 669 1768,,vrtic.tratincica@zagreb.hr,,Gradski vrtić,PODRUČNI,"Gradski ured za obrazovanje, sport i mlade",prenamijenjeni stan,NE,NE,NE,
15.9963422590001,45.762682731,169,TRATINČICA,Ulica sv. Mateja 73,NOVI ZAGREB-ISTOK,01 662 0916,,vrtic.tratincica@zagreb.hr,,Gradski vrtić,PODRUČNI,"Gradski ured za obrazovanje, sport i mlade",prenamijenjeni stan,NE,NE,NE,
15.9901516460001,45.7508583960001,170,TRATINČICA,"Buzinska cesta 49, Buzin",NOVI ZAGREB-ISTOK,01 660 8614,,vrtic.tratincica@zagreb.hr,,Gradski vrtić,PODRUČNI,"Gradski ured za obrazovanje, sport i mlade",namjenska građevina,NE,NE,DA,
15.987066402,45.763245682,171,TRATINČICA,Ulica Karela Zahradnika 13A,NOVI ZAGREB-ISTOK,01 664 0804,,vrtic.tratincica@zagreb.hr,,Gradski vrtić,PODRUČNI,"Gradski ured za obrazovanje, sport i mlade",prenamijenjeni stan,NE,NE,NE,
15.995131497,45.7688255570001,172,TRAVNO,Ulica Božidara Magovca 10,NOVI ZAGREB-ISTOK,01 660 1164,01 667 8521,vrtic.travno@zagreb.hr,www.vrtic-travno.zagreb.hr,Gradski vrtić,CENTRALNI,"Gradski ured za obrazovanje, sport i mlade",namjenska građevina,DA,DA,DA,"engleski, francuski"
15.9999700170001,45.770670823,173,TRAVNO,Ulica Božidara Magovca 105,NOVI ZAGREB-ISTOK,01 667 5598,,vrtic.travno@zagreb.hr,,Gradski vrtić,PODRUČNI,"Gradski ured za obrazovanje, sport i mlade",namjenska građevina,NE,NE,DA,njemački
16.016961929,45.7381716460001,174,TRAVNO,"Velikopoljska ulica 12, Veliko Polje ",NOVI ZAGREB-ISTOK,01 664 6880,,vrtic.travno@zagreb.hr,,Gradski vrtić,PODRUČNI,"Gradski ured za obrazovanje, sport i mlade",prenamiijenjena kuća,NE,DA,DA,engleski
15.996393373,45.77203217,175,TRAVNO,Kopernikova ulica 2,NOVI ZAGREB-ISTOK,01 667 4293,,vrtic.travno@zagreb.hr,,Gradski vrtić,PODRUČNI,"Gradski ured za obrazovanje, sport i mlade",namjenska građevina,NE,NE,DA,"engleski, francuski"
15.958639756,45.802948933,176,TREŠNJEVKA,Ulica Huga Badalića 24,TREŠNJEVKA-SJEVER,01 382 0247,01 364 8185,vrtic.tresnjevka@zagreb.hr,www.vrtic-tresnjevka.zagreb.hr,Gradski vrtić,CENTRALNI,"Gradski ured za obrazovanje, sport i mlade",namjenska građevina,NE,DA,DA,engleski
15.953886101,45.8012916500001,177,TREŠNJEVKA,Trakošćanska ulica 45,TREŠNJEVKA-SJEVER,"01 382 0665, 01 382 2522",,vrtic.tresnjevka@zagreb.hr,,Gradski vrtić,PODRUČNI,"Gradski ured za obrazovanje, sport i mlade",namjenska građevina,DA,DA,DA,njemački
16.00213956,45.812902159,178,TRNORUŽICA,Ulica Ferde Rusana 11,MAKSIMIR,01 231 2524,01 230 2990,vrtic.trnoruzica@zagreb.hr,www.vrtic-trnoruzica.zagreb.hr,Gradski vrtić,CENTRALNI,"Gradski ured za obrazovanje, sport i mlade",namjenska građevina,DA,DA,DA,engleski
16.00066116,45.813313303,179,TRNORUŽICA,Ulica Ferde Livadića 25,MAKSIMIR,01 233 4434,,vrtic.trnoruzica@zagreb.hr,,Gradski vrtić,PODRUČNI,"Gradski ured za obrazovanje, sport i mlade",namjenska građevina,NE,NE,DA,
15.9634340260001,45.774748097,180,TRNSKO,Trnsko 19,NOVI ZAGREB-ZAPAD,01 652 4076,01 652 4076,vrtic.trnsko@zagreb.hr,www.vrtic-trnsko.zagreb.hr,Gradski vrtić,CENTRALNI,"Gradski ured za obrazovanje, sport i mlade",namjenska građevina,DA,DA,DA,engleski
15.963063914,45.772367554,181,TRNSKO,Trnsko 31B,NOVI ZAGREB-ZAPAD,01 652 0641,,vrtic.trnsko@zagreb.hr,,Gradski vrtić,PODRUČNI,"Gradski ured za obrazovanje, sport i mlade",prenamijenjeni stan,NE,NE,NE,
15.964197616,45.7699360330001,182,TRNSKO,Trnsko 39B,NOVI ZAGREB-ZAPAD,01 652 4285,,vrtic.trnsko@zagreb.hr,,Gradski vrtić,PODRUČNI,"Gradski ured za obrazovanje, sport i mlade",prenamijenjeni stan,NE,NE,NE,
15.960973568,45.7800968080001,183,TRNSKO,Ulica Žarka Dolinara 11,NOVI ZAGREB-ZAPAD,01 645 4762,01 645 4762,vrtic.trnsko@zagreb.hr,,Gradski vrtić,PODRUČNI,"Gradski ured za obrazovanje, sport i mlade",namjenska građevina,DA,DA,DA,engleski
15.997163637,45.7769886070001,184,UTRINA,Maretićeva ulica 2,NOVI ZAGREB-ISTOK,01 667 3178,01 667 3178,vrtic.utrina@zagreb.hr,www.vrtic-utrina.zagreb.hr,Gradski vrtić,CENTRALNI,"Gradski ured za obrazovanje, sport i mlade",namjenska građevina,DA,DA,DA,engleski
15.994525437,45.7749283890001,185,UTRINA,Balotin prilaz 1,NOVI ZAGREB-ISTOK,01 667 4875,,vrtic.utrina@zagreb.hr,,Gradski vrtić,PODRUČNI,"Gradski ured za obrazovanje, sport i mlade",namjenska građevina,NE,DA,DA,
16.000255125,45.7741054420001,186,UTRINA,Katićev prilaz 1A,NOVI ZAGREB-ISTOK,01 660 0632,,vrtic.utrina@zagreb.hr,,Gradski vrtić,PODRUČNI,"Gradski ured za obrazovanje, sport i mlade",namjenska građevina,NE,DA,DA,
15.9989273260001,45.8121450670001,187,VEDRI DANI,Ulica Milana Makanca 11A,DONJI GRAD,01 465 0350,01 464 6359,vrtic.vedridani@zagreb.hr,www.vrtic-vedridani.zagreb.hr,Gradski vrtić,CENTRALNI,"Gradski ured za obrazovanje, sport i mlade",namjenska građevina,DA,DA,DA,
15.987795164,45.8079763530001,188,VEDRI DANI,Ulica Kneza Borne 11A,DONJI GRAD,01 461 1743,,vrtic.vedridani@zagreb.hr,,Gradski vrtić,PODRUČNI,"Gradski ured za obrazovanje, sport i mlade",prenamiijenjena kuća,NE,NE,DA,
15.9966018150001,45.8114626080001,189,VEDRI DANI,Ulica fra Filipa Grabovca 26A,DONJI GRAD,01 465 0902,,vrtic.vedridani@zagreb.hr,,Gradski vrtić,PODRUČNI,"Gradski ured za obrazovanje, sport i mlade",namjenska građevina,NE,NE,DA,"engleski, njemački"
15.987390841,45.8093161350001,190,VEDRI DANI,Trg žrtava fašizma 11,DONJI GRAD,01 461 1751,,vrtic.vedridani@zagreb.hr,,Gradski vrtić,PODRUČNI,"Gradski ured za obrazovanje, sport i mlade",namjenska građevina,NE,NE,DA,engleski
15.9934107030001,45.809684636,191,VEDRI DANI,Ulica Pavla Šubića 12/1,DONJI GRAD,01 465 5549,,vrtic.vedridani@zagreb.hr,,Gradski vrtić,PODRUČNI,"Gradski ured za obrazovanje, sport i mlade",namjenska građevina,NE,DA,DA,engleski
15.996110006,45.808526837,192,VEDRI DANI,Ulica Ljudevita Posavskog 24,DONJI GRAD,01 464 7452,,vrtic.vedridani@zagreb.hr,,Gradski vrtić,PODRUČNI,"Gradski ured za obrazovanje, sport i mlade",prenamiijenjena kuća,NE,DA,DA,engleski
15.9771073150001,45.8395821300001,193,VJEVERICA,Ksaverska cesta 14,GORNJI GRAD-MEDVEŠČAK,01 467 3288,01 467 3289,vrtic.vjeverica@zagreb.hr,www.vrtic-vjeverica.zagreb.hr,Gradski vrtić,CENTRALNI,"Gradski ured za obrazovanje, sport i mlade",namjenska građevina,NE,DA,DA,engleski
15.9724335810001,45.8584049350001,194,VJEVERICA,Gračani 9A,PODSLJEME,01 464 5786,,vrtic.vjeverica@zagreb.hr,,Gradski vrtić,PODRUČNI,"Gradski ured za obrazovanje, sport i mlade",namjenska građevina,DA,DA,DA,
15.984269973,45.824812926,195,VJEVERICA,Ulica Milana Šufflaya 4,GORNJI GRAD-MEDVEŠČAK,01 468 3795,,vrtic.vjeverica@zagreb.hr,,Gradski vrtić,PODRUČNI,"Gradski ured za obrazovanje, sport i mlade",prenamijenjeni stan,NE,NE,DA,"engleski, njemački"
15.985998647,45.818159903,196,VJEVERICA,Šalata 13,GORNJI GRAD-MEDVEŠČAK,01 492 0032,,vrtic.vjeverica@zagreb.hr,,Gradski vrtić,PODRUČNI,"Gradski ured za obrazovanje, sport i mlade",prenamijenjeni stan,NE,NE,DA,engleski
15.99747273,45.7997643240001,197,VLADIMIRA NAZORA,Rapska ulica 1,TRNJE,01 618 0279,01 618 0279,vrtic.vladimiranazora@zagreb.hr,www.vrtic-vladimiranazora.zagreb.hr,Gradski vrtić,CENTRALNI,"Gradski ured za obrazovanje, sport i mlade",namjenska građevina,DA,NE,DA,engleski
16.0028494910001,45.794905095,198,VLADIMIRA NAZORA,Ulica Otona Župančiča 1,PEŠČENICA-ŽITNJAK,"01 614 4054, 01 614 4055",,vrtic.vladimiranazora@zagreb.hr,,Gradski vrtić,PODRUČNI,"Gradski ured za obrazovanje, sport i mlade",namjenska građevina,NE,DA,DA,engleski
15.995572259,45.803744388,199,VLADIMIRA NAZORA,Supilova ulica 5,TRNJE,01 618 4196,,vrtic.vladimiranazora@zagreb.hr,,Gradski vrtić,PODRUČNI,"Gradski ured za obrazovanje, sport i mlade",namjenska građevina,NE,DA,DA,
15.9009143380001,45.81424644,200,VRAPČE,Ulica Nikole Gorjanskoga 7,PODSUSED-VRAPČE,01 345 0038,01 343 5590,vrtic.vrapce@zagreb.hr,www.vrtic-vrapce.zagreb.hr,Gradski vrtić,CENTRALNI,"Gradski ured za obrazovanje, sport i mlade",namjenska građevina,DA,DA,DA,engleski
15.8819332960001,45.816487598,201,VRAPČE,Ulica kerestinečkih žrtava 13,PODSUSED-VRAPČE,01 345 0857,,vrtic.vrapce@zagreb.hr,,Gradski vrtić,PODRUČNI,"Gradski ured za obrazovanje, sport i mlade",namjenska građevina,NE,DA,DA,engleski
15.905092992,45.831765481,202,VRAPČE,Ulica Mihovila Gračanina 4A,PODSUSED-VRAPČE,01 348 7518,,vrtic.vrapce@zagreb.hr,,Gradski vrtić,PODRUČNI,"Gradski ured za obrazovanje, sport i mlade",namjenska građevina,NE,DA,DA,engleski
15.8937772080001,45.818689233,203,VRAPČE,Rašljice 20,PODSUSED-VRAPČE,01 346 6950,,vrtic.vrapce@zagreb.hr,,Gradski vrtić,PODRUČNI,"Gradski ured za obrazovanje, sport i mlade",namjenska građevina,NE,DA,DA,engleski
15.9078431520001,45.8142739210001,204,VRAPČE,Vrabečak 5,PODSUSED-VRAPČE,01 345 4822,,vrtic.vrapce@zagreb.hr,,Gradski vrtić,PODRUČNI,"Gradski ured za obrazovanje, sport i mlade",namjenska građevina,DA,DA,DA,engleski
15.9626160830001,45.7962049180001,205,VRBIK,Šetalište Jurija Gagarina 10,TRNJE,01 619 9440,01 619 8686,vrtic-vrbik@zagreb.hr,www.vrtic-vrbik.zagreb.hr,Gradski vrtić,CENTRALNI,"Gradski ured za obrazovanje, sport i mlade",namjenska građevina,DA,DA,DA,engleski
15.9627449880001,45.790045956,206,VRBIK,Prisavlje 4,TRNJE,01 619 5851,,vrtic-vrbik@zagreb.hr,,Gradski vrtić,PODRUČNI,"Gradski ured za obrazovanje, sport i mlade",namjenska građevina,NE,DA,DA,engleski
15.9684378160001,45.7971957440001,207,VRBIK,Ulica Fausta Vrančića 9,TRNJE,01 611 5037,,vrtic-vrbik@zagreb.hr,,Gradski vrtić,PODRUČNI,"Gradski ured za obrazovanje, sport i mlade",namjenska građevina,NE,DA,DA,engleski
15.9938289670001,45.7808743370001,208,ZAPRUĐE,Vankina ulica 12,NOVI ZAGREB-ISTOK,01 667 5169,,vrtic.zaprudje@zagreb.hr,,Gradski vrtić,PODRUČNI,"Gradski ured za obrazovanje, sport i mlade",namjenska građevina,NE,DA,DA,
15.9830641680001,45.7803565350001,209,ZAPRUĐE,Ulica Ede Murtića 6 i 8,NOVI ZAGREB-ISTOK,01 663 6916,,vrtic.zaprudje@zagreb.hr,,Gradski vrtić,PODRUČNI,"Gradski ured za obrazovanje, sport i mlade",prenamijenjeni stan,NE,DA,DA,engleski
16.050702845,45.7945604400001,210,ZRNO,Ulica Nede Krmpotić 5,PEŠČENICA-ŽITNJAK,01 240 7351,01 237 1074,vrtic-zrno@zagreb.hr,www.vrtic-zrno.zagreb.hr,Gradski vrtić,CENTRALNI,"Gradski ured za obrazovanje, sport i mlade",namjenska građevina,DA,DA,DA,
16.0592394620001,45.7750086620001,211,ZRNO,I. Petruševec 1,PEŠČENICA-ŽITNJAK,01 237 1123,,vrtic-zrno@zagreb.hr,,Gradski vrtić,PODRUČNI,"Gradski ured za obrazovanje, sport i mlade",prenamijenjeni stan,NE,NE,DA,
15.9272170940001,45.804909713,212,ZVONČIĆ,Hanamanova ulica 3A,TREŠNJEVKA-SJEVER,01 307 7290,01 307 7290,vrtic-zvoncic@zagreb.hr,www.vrtic-zvoncic.zagreb.hr,Gradski vrtić,CENTRALNI,"Gradski ured za obrazovanje, sport i mlade",namjenska građevina,NE,NE,DA,engleski
15.926817187,45.8015647830001,213,ZVONČIĆ,Voltino 48,TREŠNJEVKA-SJEVER,01 366 7214,,vrtic-zvoncic@zagreb.hr,,Gradski vrtić,PODRUČNI,"Gradski ured za obrazovanje, sport i mlade",namjenska građevina,DA,DA,DA,engleski
15.93007384,45.7988573870001,214,ZVONČIĆ,Ulica Dragutina Golika 46,TREŠNJEVKA-SJEVER,01 366 6574,,vrtic-zvoncic@zagreb.hr,,Gradski vrtić,PODRUČNI,"Gradski ured za obrazovanje, sport i mlade",namjenska građevina,NE,DA,DA,
15.9296918750001,45.8049375690001,215,ZVONČIĆ,Ulica Dragutina Golika 16,TREŠNJEVKA-SJEVER,01 307 7573,,vrtic-zvoncic@zagreb.hr,,Gradski vrtić,PODRUČNI,"Gradski ured za obrazovanje, sport i mlade",prenamijenjeni stan,NE,NE,NE,engleski
15.9289357920001,45.804922725,216,ZVONČIĆ,Šibenska ulica 1,TREŠNJEVKA-SJEVER,01 307 7423,,vrtic-zvoncic@zagreb.hr,,Gradski vrtić,PODRUČNI,"Gradski ured za obrazovanje, sport i mlade",prenamijenjeni stan,NE,NE,NE,
15.941259158,45.6632818780001,217,HRVATSKI LESKOVAC,"Šipkovina 5, Donji Dragonožec",BREZOVICA,,,vrtic-hrvatskileskovac@zagreb.hr,,Gradski vrtić,PODRUČNI,"Gradski ured za obrazovanje, sport i mlade",namjenska građevina,NE,DA,DA,engleski
16.012784531,45.7643548680001,218,TRATINČICA,Kamenarka 37,NOVI ZAGREB-ISTOK,,,vrtic.tratincica@zagreb.hr,,Gradski vrtić,PODRUČNI,"Gradski ured za obrazovanje, sport i mlade",prenamiijenjena kuća,NE,NE,DA,engleski
15.965032609,45.809284544,219,IZVOR (KLINIKA ZA DJEČJE BOLESTI),Ulica Vjekoslava Klaića 16,DONJI GRAD,,,vrtic.izvor@zagreb.hr,,Vrtić u bolnici,BOLNICA,"Gradski ured za obrazovanje, sport i mlade",,NE,NE,NE,
16.0064531410001,45.824081468,220,BUKOVAC,Ulica Mije Kišpatića 12,MAKSIMIR,,,vrtic-bukovac@zagreb.hr,,Gradski vrtić,PODRUČNI,"Gradski ured za obrazovanje, sport i mlade",,NE,NE,NE,
16.009001176,45.8393724420001,226,BUKOVAC,Trnac 67,MAKSIMIR,01 234 1131,01 234 5663,vrtic-bukovac@zagreb.hr,www.vrtic-bukovac.zagreb.hr,Gradski vrtić,CENTRALNI,"Gradski ured za obrazovanje, sport i mlade",namjenska građevina,DA,DA,DA,"engleski, njemački"
15.964979504,45.810624811,227,IZVOR,Prilaz Gjure Deželića 30,DONJI GRAD,01 484 6062,01 484 6063,vrtic.izvor@zagreb.hr,www.vrtic.izvor.zagreb.hr,Gradski vrtić,CENTRALNI,"Gradski ured za obrazovanje, sport i mlade",namjenska građevina,NE,NE,DA,engleski
15.9981023760001,45.7807409420001,228,ZAPRUĐE,Baburičina ulica 11,NOVI ZAGREB-ISTOK,"01 667 1356, 01 667 3169, 01 660 9290",01 667 3169,vrtic.zaprudje@zagreb.hr,www.vrtic-zaprudje.zagreb.hr,Gradski vrtić,CENTRALNI,"Gradski ured za obrazovanje, sport i mlade",namjenska građevina,DA,DA,DA,engleski
15.910255116,45.7897859130001,229,BAJKA,Kuzminečka ulica 12,TREŠNJEVKA-JUG,,,vrtic-bajka@zagreb.hr,,Gradski vrtić,PODRUČNI,"Gradski ured za obrazovanje, sport i mlade",,,,,
15.9923505150001,45.82702958,230,SVEMIRKO,Srebrnjak 116,MAKSIMIR,01 560 6616,,info@svemirko.hr,www.svemirko.hr,Privatni vrtić,CENTRALNI,"Gradski ured za obrazovanje, sport i mlade",,,,,njemački
16.0031960860001,45.833217792,231,SV. FRANJE,Barutanski ogranak V. 5,MAKSIMIR,01 234 8556,01 234 8554,djecji.vrtic.svetog.franje@zg.t-com.hr,http://franjevke-dubrovnik-dance.net/dv-sv-franje/,Vjerski vrtić,CENTRALNI,"Gradski ured za obrazovanje, sport i mlade",,,,,engleski
15.9973164400001,45.7492719350001,232,ČAROBNA ŠUMA,"Buzinski prilaz 33, Buzin",NOVI ZAGREB-ISTOK,099 214 5515,,vrtic.carobnasuma@gmail.com,www.carobnasuma.net,Privatni vrtić,CENTRALNI,"Gradski ured za obrazovanje, sport i mlade",,,,,
15.982191733,45.782720587,233,MALI ISTRAŽIVAČ,Ulica Ede Murtića 7,NOVI ZAGREB-ISTOK,01 889 5739,,ravnatelj@mali-istrazivac.hr,www.mali-istrazivac.hr,Privatni vrtić,CENTRALNI,"Gradski ured za obrazovanje, sport i mlade",,,,,"engleski, njemački"
15.887322248,45.7486734020001,234,LETEĆI MEDVJEDIĆI,"Ulica Mirka Bedeka 75D, Hrvatski Leskovac",NOVI ZAGREB-ZAPAD,"01 657 8784, 091 578 4755",01 373 3224,dvlm@vodatel.net,http://vrtic-letecimedvjedici.hr/,Privatni vrtić,CENTRALNI,"Gradski ured za obrazovanje, sport i mlade",,,,,
15.8893085550001,45.7641511300001,235,MALI SVIJET,"Borovik 5, Lučko",NOVI ZAGREB-ZAPAD,"01 653 0380, 098 614 931",01 653 0380,djecji.vrtic.mali.svijet@zg.t-com.hr,www.malisvijet.hr,Privatni vrtić,CENTRALNI,"Gradski ured za obrazovanje, sport i mlade",,,,,
15.8844230560001,45.761629758,236,MALI SVIJET,"Unčanska ulica 5, Lučko",NOVI ZAGREB-ZAPAD,098 614 931,,djecji.vrtic.mali.svijet@zg.t-com.hr,,Privatni vrtić,PODRUČNI,"Gradski ured za obrazovanje, sport i mlade",,,,,
15.970544117,45.7601721680001,237,PINGVIN,Svetoklarska ulica 7,NOVI ZAGREB-ZAPAD,"097 775 9873, 095 888 7786",,info@vrtic-pingvin.com,www.vrtic-pingvin.com,Privatni vrtić,CENTRALNI,"Gradski ured za obrazovanje, sport i mlade",,,,,engleski
15.91737721,45.7937726580001,238,ČUPKO,Rudeška cesta 150,TREŠNJEVKA-JUG,"01 387 2379, 091 387 2378",,zrinka@vrtic-cupko.hr,www.vrtic-cupko.hr,Privatni vrtić,CENTRALNI,"Gradski ured za obrazovanje, sport i mlade",,,,,engleski
15.9226640150001,45.7953914170001,239,KOCKICA,Pešćanska ulica 162,TREŠNJEVKA-SJEVER,"01 561 7513, 099 757 2308",,katalinic.sandra@gmail.com,www.djecji-vrtic-kockica.hr,Privatni vrtić,CENTRALNI,"Gradski ured za obrazovanje, sport i mlade",,,,,engleski
15.889305123,45.8065011740001,240,KOCKICA,Stenjevečka ulica 46,STENJEVEC,099 757 2308,,katalinic.sandra@gmail.com,,Privatni vrtić,PODRUČNI,"Gradski ured za obrazovanje, sport i mlade",,,,,engleski
15.913876225,45.8008471380001,241,PANDA,Zagrebačka cesta 194,STENJEVEC,"01 553 2964, 091 444 0093",,info@dv-panda.hr,www.dv-panda.hr,Privatni vrtić,CENTRALNI,"Gradski ured za obrazovanje, sport i mlade",,,,,engleski
15.9420740640001,45.8003073410001,242,"OSNOVNA MONTESSORI ŠKOLA ""BARUNICE DEDEE VRANYCZANI""",Ulica Matka Mandića 2,TREŠNJEVKA-SJEVER,01 369 4493,01 369 4493,omontess@gmail.com,www.montessori-škola.hr,Privatni vrtić,CENTRALNI,"Gradski ured za obrazovanje, sport i mlade",,,,,
15.932262892,45.7906650990001,243,NEMO,Našička ulica 12,TREŠNJEVKA-JUG,"01 366 8815, 091 503 4107",,djecji.vrtic.nemo@zg.t-com.hr,www.vrtic-nemo.hr,Privatni vrtić,CENTRALNI,"Gradski ured za obrazovanje, sport i mlade",,,,,engleski
15.931922533,45.790034446,244,NEMO,Našička ulica 6,TREŠNJEVKA-JUG,091 503 4107,,djecji.vrtic.nemo@zg.t-com.hr,,Privatni vrtić,PODRUČNI,"Gradski ured za obrazovanje, sport i mlade",,,,,
15.9469587040001,45.795105065,245,PIKULICA,Modruška ulica 19,TREŠNJEVKA-SJEVER,"01 301 0217, 091 572 0812",,info@pikulica.com,www.pikulica.com,Privatni vrtić,CENTRALNI,"Gradski ured za obrazovanje, sport i mlade",,,,,
15.9316443010001,45.791163209,246,PIPI DUGA ČARAPA,Našička ulica 18,TREŠNJEVKA-JUG,"01 301 4952, 091 383 1506, 091 561 5569",01 301 4952,pipi.duga.carapa@zg.t-com.hr,www.pipidugacarapa.hr,Privatni vrtić,CENTRALNI,"Gradski ured za obrazovanje, sport i mlade",,,,,"engleski, njemački"
15.9414917710001,45.79205848,247,ŽABAC,Srednjaci 7,TREŠNJEVKA-JUG,"01 553 1400, 092 150 8676",01 553 1400,info@vrticzabac.hr,www.vrticzabac.hr,Privatni vrtić,CENTRALNI,"Gradski ured za obrazovanje, sport i mlade",,,,,
15.926571742,45.8115819720001,248,"DOBRI, PODRUŽNICA ZAGREB",Gosposvetska ulica 33,ČRNOMEREC,099 795 1275,,zagrebdobri@gmail.com,www.dobri.org,Vjerski vrtić,CENTRALNI,"Gradski ured za obrazovanje, sport i mlade",,,,,engleski
15.947526006,45.8222490700001,249,MALA KUĆA,Vrhovec 81,ČRNOMEREC,"01 390 6669, 098 921 3195",,inesm@kindiezg.com,www.kindiezg.com,Privatni vrtić,CENTRALNI,"Gradski ured za obrazovanje, sport i mlade",,,,,engleski
15.9474591600001,45.818442528,250,SUNČEV SJAJ  NAZARET,Vrhovec 45,ČRNOMEREC,01 377 0863,,suncev-sjaj@zg.t-com.hr,www.suncev-sjaj.com,Vjerski vrtić,CENTRALNI,"Gradski ured za obrazovanje, sport i mlade",,,,,
15.948287007,45.8169562890001,251,SV. MALE TEREZIJE,Vrhovec 29,ČRNOMEREC,01 560 2119,01 375 0943,dv_malaterezija@net.hr,http://vrtici.karmelbsi.hr/,Vjerski vrtić,CENTRALNI,"Gradski ured za obrazovanje, sport i mlade",,,,,engleski
15.883854103,45.7399824190001,252,SV. MALE TEREZIJE,"Leskovački brijeg 15, Hrvatski leskovac",NOVI ZAGREB-ZAPAD,01 657 8450,,dv_malaterezija@net.hr,,Vjerski vrtić,PODRUČNI,"Gradski ured za obrazovanje, sport i mlade",,,,,
16.0534442100001,45.832703316,253,DJEČJA IGRA,Aleja Blaža Jurišića 9,GORNJA DUBRAVA,"01 291 5334, 091 391 5334",,info@djecja-igra.hr,www.djecja-igra.hr,Privatni vrtić,CENTRALNI,"Gradski ured za obrazovanje, sport i mlade",,,,,engleski
16.05237637,45.832910407,254,DJEČJA IGRA,Klekovačka ulica 32,GORNJA DUBRAVA,01 291 5334,,info@djecja-igra.hr,,Privatni vrtić,PODRUČNI,"Gradski ured za obrazovanje, sport i mlade",,,,,
15.9103029510001,45.7892748040001,256,DJEČJA IGRA,Kuzminečka ulica 16 i 18,TREŠNJEVKA-JUG,01 387 2256,,info@djecja-igra.hr,,Privatni vrtić,PODRUČNI,"Gradski ured za obrazovanje, sport i mlade",,,,,"engleski, njemački"
16.073708056,45.8288934290001,257,MALI CVRČAK,Četvrte Poljanice 4,GORNJA DUBRAVA,"01 292 3272, 099 324 715",01 292 4478,vrtic@mali-cvrcak.hr,www.cvrcak.com,Privatni vrtić,CENTRALNI,"Gradski ured za obrazovanje, sport i mlade",,,,,engleski
16.05345772,45.8478149480001,259,SV. JOSIPA,Granešina 3,GORNJA DUBRAVA,01 292 9144,01 292 9144,dv.sv.josipa.zg@email.t-com.hr,www.kblj.hr/vrtic,Vjerski vrtić,CENTRALNI,"Gradski ured za obrazovanje, sport i mlade",,,,,engleski
16.0687616110001,45.8096372790001,260,RIBICA,Čulinečka cesta 190,DONJA DUBRAVA,098 278 914,,djecjivrtic.ribica@gmail.com,www.djecjivrtic-ribica.hr,Privatni vrtić,CENTRALNI,"Gradski ured za obrazovanje, sport i mlade",,,,,engleski
15.89525465,45.8055655380001,261,ČAROBNI DVORAC,Trg Ivana Kukuljevića 7,STENJEVEC,"01 389 0006, 098 907 5277",,adrianna.mrzljak@gmail.com,,Privatni vrtić,CENTRALNI,"Gradski ured za obrazovanje, sport i mlade",,,,,
15.8958873930001,45.7986847180001,262,HARFA,Špansko 26,STENJEVEC,091 780 9840,,djecjivrtic.harfa@gmail.com,www.mojkvart.hr/vrtic-jaslice-harfa,Privatni vrtić,CENTRALNI,"Gradski ured za obrazovanje, sport i mlade",,,,,njemački
15.8955835310001,45.807489423,263,PALČIĆ,Ulica Saliha Alića 4,STENJEVEC,"01 370 4072, 098 160 5527",01 370 4072,info@palcic-zagreb.hr,www.palcic-zagreb.hr,Privatni vrtić,CENTRALNI,"Gradski ured za obrazovanje, sport i mlade",,,,,
15.8469126270001,45.815589693,264,BAMBI,Mendlova ulica 1,PODSUSED-VRAPČE,"01 331 5460, 098 828 594",01 331 5460,djecji.vrtic.bambi@zg.t-com.hr,www.dv-bambi.hr,Privatni vrtić,CENTRALNI,"Gradski ured za obrazovanje, sport i mlade",,,,,"engleski, njemački"
15.8991617880001,45.833337606,265,ČAROBNA KUĆICA,Horvatnica 36,PODSUSED-VRAPČE,"01 345 9252, 092 268 9227, 098 418 528",,info@dv-carobna-kucica.hr,http://www.dv-carobna-kucica.hr/,Privatni vrtić,CENTRALNI,"Gradski ured za obrazovanje, sport i mlade",,,,,
15.8804696,45.8199981380001,266,KOŠNICA,Medpotoki 1A,PODSUSED-VRAPČE,"01 347 0326, 091 302 0270",01 347 0326,info@dv-kosnica.hr,www.dv-kosnica.hr,Privatni vrtić,CENTRALNI,"Gradski ured za obrazovanje, sport i mlade",,,,,engleski
15.87070899,45.8237676630001,267,LIMAČ,Dubravica 52,PODSUSED-VRAPČE,"01 349 9765, 091 305 2009",,info@limac.hr,www.limac.hr,Privatni vrtić,CENTRALNI,"Gradski ured za obrazovanje, sport i mlade",,,,,engleski
15.8699018780001,45.8227105460001,268,LIMAČ,Dubravica 41C,PODSUSED-VRAPČE,01 346 2658,,info@limac.hr,,Privatni vrtić,PODRUČNI,"Gradski ured za obrazovanje, sport i mlade",,,,,engleski
15.9848070040001,45.8611366420001,269,MAČAK U ČIZMAMA,Kvintička ulica 82 i 84,PODSLJEME,098 633 368,,info@macakucizmama.hr,www.macakucizmama.hr,Privatni vrtić,CENTRALNI,"Gradski ured za obrazovanje, sport i mlade",,,,,engleski
15.9447549500001,45.8429198800001,270,OSNOVNA ŠKOLA KREATIVAN RAZVOJ,Dedići 102,PODSLJEME,"01 461 1007, 091 200 6286",01 463 6789,ravnatelj@kreativan-razvoj.hr,www.kreativan-razvoj.hr,Privatni vrtić,CENTRALNI,"Gradski ured za obrazovanje, sport i mlade",,,,,engleski
16.143608832,45.849975844,271,BALTAZAR,"Don Frane Bulića 23A, Popovec",SESVETE,"01 205 8594, 091 240 0017",01 410 0444,vrtic.baltazar@gmail.com,www.vrtic-baltazar.com,Privatni vrtić,CENTRALNI,"Gradski ured za obrazovanje, sport i mlade",,,,,engleski
15.9815887770001,45.811539086,272,MIRJAM WEILLER,Palmotićeva ulica 16,DONJI GRAD,"01 486 2750, 098 286 929",01 492 2692,vrtic.mirjamw@gmail.com,http://www.zoz.hr/home.php?content=content&term=27&key=26&key1=27,Vjerski vrtić,CENTRALNI,"Gradski ured za obrazovanje, sport i mlade",,,,DA,hebrejski
16.00003466,45.8091124790001,274,SUNČEKO,Zavrtnica 3/1,DONJI GRAD,"01 560 4161, 092 287 7528",,suncekodv@gmail.com,,Privatni vrtić,CENTRALNI,"Gradski ured za obrazovanje, sport i mlade",,,,DA,engleski
15.9868426190001,45.8138533210001,275,SV. ANĐELA MERICI,Vlaška ulica 75,DONJI GRAD,01 455 4338,01 457 2402,dv-sv.angela.m@ursulinke.hr,http://www.ursulinke.hr/index5.php?pIDm1=5&pIDm2=5,Vjerski vrtić,CENTRALNI,"Gradski ured za obrazovanje, sport i mlade",,,,DA,engleski
15.969409521,45.8110479470001,276,SV. VINKA,Frankopanska ulica 17,DONJI GRAD,01 483 1107,01 483 1107,mfaltak@gmail.com,http://dv-svetog-vinka.hr/,Vjerski vrtić,CENTRALNI,"Gradski ured za obrazovanje, sport i mlade",,,,DA,engleski
15.961078292,45.8187213670001,277,BRAT SUNCE,Pantovčak 72A,GORNJI GRAD-MEDVEŠČAK,01 482 2455,01 482 2454,hsucic@gmail.com,www.vrtic-sunce.zagreb.hr,Vjerski vrtić,CENTRALNI,"Gradski ured za obrazovanje, sport i mlade",,,,,
15.9788365650001,45.8243900240001,278,CVJETNJAK,Nova Ves 55,GORNJI GRAD-MEDVEŠČAK,"01 466 8321, 098 187 7910",,cvjetnjak@gmail.com,http://www.ssmi.hr/zagreb/podstranica/vrtici,Vjerski vrtić,CENTRALNI,"Gradski ured za obrazovanje, sport i mlade",,,,,
15.980466219,45.8504886530001,279,MALENI TALENTI,Remetski kamenjak 10,GORNJI GRAD-MEDVEŠČAK,"01 486 0836, 098 823 988",,malenitalenti@educarena.com,www.dv-malenitalenti.com,Privatni vrtić,CENTRALNI,"Gradski ured za obrazovanje, sport i mlade",,,,,"engleski, njemački"
15.9770902390001,45.828155957,280,MARIJA PETKOVIĆ,Ulica Ive Mallina 4,GORNJI GRAD-MEDVEŠČAK,01 463 6796,01 467 7986,"dv.marija.petkovic@zg.t-com.hr, patricijajuric@gmail.com",http://marijapropetog.hr/marija1/vrtic,Vjerski vrtić,CENTRALNI,"Gradski ured za obrazovanje, sport i mlade",,,,,engleski
15.967966878,45.8316124130001,281,OBZORI,Kraljevečki ogranak 14,GORNJI GRAD-MEDVEŠČAK,01 457 8702,,milena@kindergarten.hr,,Privatni vrtić,CENTRALNI,"Gradski ured za obrazovanje, sport i mlade",,,,,
15.9854033130001,45.7977643420001,282,BLAŽENA HOZANA,Trg Kardinala Franje Šepera 2,TRNJE,01 612 9283,01 612 9243,vrtic.blazena.hozana@zg.t-com.hr,http://www.dominikanke.org/index.php?option=com_content&view=category&layout=blog&id=15&Itemid=43,Vjerski vrtić,CENTRALNI,"Gradski ured za obrazovanje, sport i mlade",,,,,engleski
15.9901914810001,45.8032108620001,283,DOBRO DRVO,Strojarska cesta 26,TRNJE,"01 889 7928, 091 936 3465",,dobrodrvo@dvdd.hr,http://www.dvdd.hr/,Privatni vrtić,CENTRALNI,"Gradski ured za obrazovanje, sport i mlade",,,,,engleski
15.984993913,45.800983681,284,VITICA,Ulica grada Vukovara 229,TRNJE,01 613 7817,01 615 8404,dv.vitica@gmail.com,www.vitica.hr,Privatni vrtić,CENTRALNI,"Gradski ured za obrazovanje, sport i mlade",,,,,
15.9693691320001,45.7929013790001,285,ČIGRA,Ulica Josipa Marohnića 3,TRNJE,01 611 1113,,cigra@cigravrtic.hr,,Privatni vrtić,CENTRALNI,"Gradski ured za obrazovanje, sport i mlade",,,,,engleski
16.001995634,45.8026735540001,286,ČIGRA,Radnička cesta 50,TRNJE,01 653 5000,,cigra@cigravrtic.hr,,Privatni vrtić,PODRUČNI,"Gradski ured za obrazovanje, sport i mlade",,,,,engleski
16.002984686,45.821855552,287,JORDANOVAC,Jordanovac 55,MAKSIMIR,01 233 9388,01 233 9388,dv-jordanovac@zg.htnet.hr,www.dv-jordanovac.hr,Vjerski vrtić,CENTRALNI,"Gradski ured za obrazovanje, sport i mlade",,,,,engleski
16.141415694,45.8241006310001,288,KOKO,"Stubička ulica 18/1, Sesvete",SESVETE,"01 200 0144, 091 548 1934",,koko.vrtic@gmail.com,www.vrtic-koko.hr,Privatni vrtić,CENTRALNI,"Gradski ured za obrazovanje, sport i mlade",,,,,engleski
16.110137084,45.8315971150001,289,MAČAK PAŠKO,"Kašinska cesta 32, Sesvete",SESVETE,"01 204 9764, 091 242 4084",01 550 9956,djecji.vrtic@macak-pasko.hr,www.macak-pasko.hr,Privatni vrtić,CENTRALNI,"Gradski ured za obrazovanje, sport i mlade",,,,,
16.1382093830001,45.8796501140001,290,VRAPČIĆ,"Soblinečka cesta 29, Gajec",SESVETE,"01 205 6699, 098 266 992",01 205 6699,dv.vrapcic@gmail.com,www.vrapcic.net,Privatni vrtić,CENTRALNI,"Gradski ured za obrazovanje, sport i mlade",,,,,engleski
16.1085884510001,45.831934102,291,ZVONČICA,"Trg Lovre Matačića 9, Sesvete",SESVETE,"01 200 1516, 091 636 2222",01 200 1516,djecji.vrtic.zvoncica@zg.t-com.hr,www.vrtic-zvoncica.hr,Privatni vrtić,CENTRALNI,"Gradski ured za obrazovanje, sport i mlade",,,,,engleski
15.9820307800001,45.846449439,292,ČAROBNI SVIJET,Remetski kamenjak 1,GORNJI GRAD-MEDVEŠČAK,098 928 8757,,info@carobnisvijet.net,www.carobnisvijet.net,Privatni vrtić,CENTRALNI,"Gradski ured za obrazovanje, sport i mlade",,,,,engleski
15.981482434,45.7830170940001,293,MALI ISTRAŽIVAČ,Ulica Damira Tomljanovića - Gavrana 9,NOVI ZAGREB-ISTOK,01 889 5794,,ravnatelj@mali-istrazivac.hr,,Privatni vrtić,PODRUČNI,"Gradski ured za obrazovanje, sport i mlade",,,,,"engleski, njemački"
15.9839254880001,45.759531908,294,DJEČJI KORACI,Oreškovićeva ulica 6H,NOVI ZAGREB-ZAPAD,01 551 4479,01 551 4479,"msagud@ffzg.hr, dvdjecjikoraci@vip.hr",http:/dv-djecjikoraci.hr,Privatni vrtić,CENTRALNI,"Gradski ured za obrazovanje, sport i mlade",,,,,engleski
16.1759451630001,45.820861854,295,VESELA PANDICA,"Ulica Pere Pirkera II. odvojak 19, Sesvete",SESVETE,095 804 7477,01 580 7777,dvpandica@gmail.com,www.dvpandica.com,Privatni vrtić,CENTRALNI,"Gradski ured za obrazovanje, sport i mlade",,,,,
15.941780781,45.768052233,296,CICA MACA,Jaruščica 9B,NOVI ZAGREB-ZAPAD,"01 652 3119, 095 812 5532",01 652 3119,"andrea.radeljak1@zg.t-com.hr, cicamaca@cica-maca.hr",http://cica-maca.hr/,Privatni vrtić,CENTRALNI,"Gradski ured za obrazovanje, sport i mlade",,,,,engleski
15.956363331,45.7825844180001,297,LEPTIRIĆ LU,Remetinečka cesta 5B,NOVI ZAGREB-ZAPAD,"01 655 6544, 091 455 0008",01 655 6544,"irena@leptiric-lu.hr, leptiriclu-pedagog@net.hr",http://leptiric-lu.hr/,Privatni vrtić,CENTRALNI,"Gradski ured za obrazovanje, sport i mlade",,,,,engleski
15.8990473580001,45.814761936,298,LEPTIRIĆ LU,Ulica Ivana Bone Bolice 27,PODSUSED-VRAPČE,091 955 974,,"irena@leptiric-lu.hr, leptiriclu-pedagog@net.hr",,Privatni vrtić,PODRUČNI,"Gradski ured za obrazovanje, sport i mlade",,,,,engleski
15.925527387,45.78615223,299,FRFI,Jarun 50,TREŠNJEVKA-JUG,"01 363 5333, 091 363 5111",01 363 5333,"info@vrtic-frfi.hr, zrinka@vrtic-frfi.hr, anita@vrtic-frfi.hr",www.vrtic-frfi.hr,Privatni vrtić,CENTRALNI,"Gradski ured za obrazovanje, sport i mlade",,,,,engleski
15.898119056,45.809603651,300,MONTESSORI,Šipkovica 57,STENJEVEC,"01 373 1485, 098 968 3349",,"dvmontessori@hotmail.com, valerijavrbanic@gmail.com",www.montessori.hr,Privatni vrtić,CENTRALNI,"Gradski ured za obrazovanje, sport i mlade",,,,,
15.887372365,45.8144504210001,301,KUĆICA,Gospodska ulica 18,PODSUSED-VRAPČE,"01 550 9842, 095 432 1908",01 550 9842,"kucica@djecji-vrtic-kucica.hr, srebra@zg.t-com.hr",www.djecji-vrtic-kucica.hr,Privatni vrtić,CENTRALNI,"Gradski ured za obrazovanje, sport i mlade",,,,,engleski
15.933155948,45.8137116190001,302,KUĆICA,Ulica Gjure Szaba 4,ČRNOMEREC,"01 557 8463, 095 432 1909",,"kucica@djecji-vrtic-kucica.hr, srebra@zg.t-com.hr",,Privatni vrtić,PODRUČNI,"Gradski ured za obrazovanje, sport i mlade",,,,,engleski
15.960964034,45.824920766,303,SRČEKO,Pantovčak 115,GORNJI GRAD-MEDVEŠČAK,"01 483 5351, 091 483 5351",01 483 5352,"sandra.pokos@zg.t-com.hr, info@srceko.com",http://srceko.com/,Privatni vrtić,CENTRALNI,"Gradski ured za obrazovanje, sport i mlade",,,,,"engleski, njemački"
15.961112572,45.8250657030001,304,SRČEKO,Pantovčak 117,GORNJI GRAD-MEDVEŠČAK,091 483 5351,,"sandra.pokos@zg.t-com.hr, info@srceko.com",,Privatni vrtić,PODRUČNI,"Gradski ured za obrazovanje, sport i mlade",,,,,
15.9778309380001,45.819100135,305,ŠARENA LOPTICA,Nova Ves 3,GORNJI GRAD-MEDVEŠČAK,"01 466 8600, 095 517 5732",,"nada@dv-sarenaloptica.hr, info@dv-sarenaloptica.hr",http://dv-sarenaloptica.hr/,Privatni vrtić,CENTRALNI,"Gradski ured za obrazovanje, sport i mlade",,,,,
15.9736170790001,45.8149324780001,306,OSNOVNA ŠKOLA LAUDER-HUGO KON,Trg Katarine Zrinske 2,GORNJI GRAD-MEDVEŠČAK,01 333 3891,,,www.os-lauder-hugo-kon.skole.hr,Vjerski vrtić,CENTRALNI,"Gradski ured za obrazovanje, sport i mlade",,,,,
15.9658103890001,45.7931041670001,307,KREATIVNI DANI,Cvjetno naselje II. 9,TRNJE,092 350 0083,,,www.kidsandco.eu,Privatni vrtić,CENTRALNI,"Gradski ured za obrazovanje, sport i mlade",,,,,
15.9003677490001,45.80809293,309,MALEŠNICA,Ulica Ante Topić - Mimare 34,STENJEVEC,01 373 0266,,vrtic-malesnica@zagreb.hr,www.vrtic-malesnica.zagreb.hr,Gradski vrtić,CENTRALNI,"Gradski ured za obrazovanje, sport i mlade",namjenska građevina,DA,NE,DA,engleski
15.9937057450001,45.8077947530001,310,POLIKLINIKA ZA REHABILITACIJU SLUŠANJA I GOVORA SUVAG,Ulica Ljudevita Posavskog 10/1,DONJI GRAD,"01 4629 600, 01 4629 603",,zagreb@suvag.hr,http://www.suvag.hr,Posebna ustanova,POSEBNA USTANOVA,"Gradski ured za obrazovanje, sport i mlade",,DA,DA,DA,
16.0560796020001,45.8751056680001,311,KUĆICA,Čučerska cesta 183,GORNJA DUBRAVA,,,,,Privatni vrtić,PODRUČNI,"Gradski ured za obrazovanje, sport i mlade",,,,,
16.0002254560001,45.7739709140001,312,CENTAR ZA AUTIZAM - predškolski program,Katićev prilaz 1A (DV Utrina),NOVI ZAGREB-ISTOK,,,,,Posebna ustanova,POSEBNA USTANOVA,"Gradski ured za obrazovanje, sport i mlade",,,,,
15.9641608650001,45.819780345,313,"CENTAR ZA ODGOJ I OBRAZOVANJE GOLJAK
",Goljak 6,GORNJI GRAD-MEDVEŠČAK,,,,,Posebna ustanova,POSEBNA USTANOVA,"Gradski ured za obrazovanje, sport i mlade",,,,,
15.995913784,45.731112072,318,BOTINEC,"Đačka ulica 1, Odra",NOVI ZAGREB-ZAPAD,,,vrtic-botinec@zagreb.hr,,Gradski vrtić,PODRUČNI,"Gradski ured za obrazovanje, sport i mlade",prenemijenjena kuća,NE,NE,DA,
15.97328278,45.8070694260001,319,BUDUĆNOST,Ulica Jurja Žerjavića 5/1,DONJI GRAD,,,vrtic.buducnost@zagreb.hr,,Gradski vrtić,PODRUČNI,"Gradski ured za obrazovanje, sport i mlade",prenamijenjena kuća,NE,NE,NE,
16.0064531410001,45.824081468,320,BUKOVAC,Ulica Mije Kišpatića 12,MAKSIMIR,,,vrtic-bukovac@zagreb.hr,,Gradski vrtić,PODRUČNI,"Gradski ured za obrazovanje, sport i mlade",namjenska građevina,NE,DA,DA,
16.0315345240001,45.785374528,321,ČIGRA,Vrtni put 1,PEŠČENICA-ŽITNJAK,,,,,Privatni vrtić,PODRUČNI,"Gradski ured za obrazovanje, sport i mlade",,,,,
16.0215628020001,45.80015918,322,DUGA,"Ulica Dobrovoljačke oružane skupine ""Ban Jelačić"" 8",PEŠČENICA-ŽITNJAK,,,"vrtic.duga@zagreb.hr
",,Gradski vrtić,PODRUČNI,"Gradski ured za obrazovanje, sport i mlade",namjenska građevina,NE,DA,DA,
15.908508093,45.8003369130001,323,FRFI,Pavlenski put 7F,STENJEVEC,,,,,Privatni vrtić,PODRUČNI,"Gradski ured za obrazovanje, sport i mlade",,,,,
16.081749256,45.8027286080001,324,JABUKA,I. Resnik 48/2,PEŠČENICA-ŽITNJAK,,,vrtic.jabuka@zagreb.hr,,Gradski vrtić,PODRUČNI,"Gradski ured za obrazovanje, sport i mlade",namjenska građevina,,,,
16.0595271830001,45.8925749000001,325,KOLIBRI,Čučerska cesta 351,GORNJA DUBRAVA,,,vrtic-kolibri@zagreb.hr,,Gradski vrtić,PODRUČNI,"Gradski ured za obrazovanje, sport i mlade",namjenska građevina,,,,
16.1202787760001,45.825067555,326,LETEĆI MEDVJEDIĆI,"Budimska ulica 20, Sesvete",SESVETE,,,,,Privatni vrtić,PODRUČNI,"Gradski ured za obrazovanje, sport i mlade",,,,,
15.9935391820001,45.7313036670001,327,MUDRE GLAVICE,"Ulica Ivana Lackovića Croate 13, Odra",NOVI ZAGREB-ZAPAD,,,,,Privatni vrtić,CENTRALNI,"Gradski ured za obrazovanje, sport i mlade",,,,,
15.922353061,45.7602896990001,328,PIKULICA,Ulica Mladena Fiolića 19,NOVI ZAGREB-ZAPAD,,,,,Privatni vrtić,PODRUČNI,"Gradski ured za obrazovanje, sport i mlade",,,,,
15.9145142620001,45.793874997,329,SUNČANA,Vrbani 29,TREŠNJEVKA-JUG,,,vrtic.suncana@zagreb.hr,,Gradski vrtić,PODRUČNI,"Gradski ured za obrazovanje, sport i mlade",namjenska građevina,DA,DA,DA,
16.0066272930001,45.7995392300001,330,VLADIMIRA NAZORA,"Rapska ulica 50
",TRNJE,,,vrtic.vladimiranazora@zagreb.hr,,Gradski vrtić,PODRUČNI,"Gradski ured za obrazovanje, sport i mlade",prenamijenjeni stan,NE,DA,NE,
15.98909931,45.7811576880001,331,ZAPRUĐE,Ulica Savezne Republike Njemačke 2,NOVI ZAGREB-ISTOK,"01 667 1356, 01 667 3169, 01 660 9290",01 667 3169,vrtic.zaprudje@zagreb.hr,,Gradski vrtić,PODRUČNI,"Gradski ured za obrazovanje, sport i mlade",namjenska građevina,DA,DA,DA,
16.0671747750001,45.8183078180001,334,JABUKA,Ulica badema 14A,DONJA DUBRAVA,01 285 1544,,vrtic.jabuka@zagreb.hr,,Gradski vrtić,PODRUČNI,"Gradski ured za obrazovanje, sport i mlade",namjenska građevina,NE,NE,DA,
15.977821632,45.819356763,335,ŠARENA LOPTICA,Nova Ves 5A,GORNJI GRAD-MEDVEŠČAK,"01 466 8600, 095 517 5732",,info@dv-sarenaloptica.hr,,Privatni vrtić,PODRUČNI,"Gradski ured za obrazovanje, sport i mlade",,,,,
15.850998571,45.8165135340001,336,BAMBI,Sopot 2,PODSUSED-VRAPČE,"01 331 5460, 098 828 594",,djecji.vrtic.bambi@zg.t-com.hr,www.dv-bambi.hr,Privatni vrtić,PODRUČNI,"Gradski ured za obrazovanje, sport i mlade",,,,,
